date,power_MW,air_temperature,relative_humidity,wind_speed
2015-01-01,15997.583,3.1500000000000004,94.0,2.6
2015-01-02,16702.667,2.9,85.0,7.4
2015-01-03,17032.042,1.9,88.0,9.0
2015-01-04,17505.708,0.65,90.0,8.3
2015-01-05,18990.208,-0.25,92.0,3.4
2015-01-06,18319.208,1.4500000000000002,75.0,3.1
2015-01-07,18024.0,4.15,74.0,4.6
2015-01-08,17706.625,3.0,81.0,3.4
2015-01-09,18566.25,0.0499999999999999,89.0,3.1
2015-01-10,17897.25,-3.35,67.0,8.4
2015-01-11,17723.792,-5.05,61.0,3.5
2015-01-12,19063.583,-6.1,64.0,5.2
2015-01-13,18472.792,-0.05,57.0,4.6
2015-01-14,18571.125,1.4,50.0,3.7
2015-01-15,18459.167,2.05,55.0,6.7
2015-01-16,17928.875,3.2,65.0,3.2
2015-01-17,17242.833,2.05,85.0,4.7
2015-01-18,17474.875,1.85,74.0,3.3
2015-01-19,19553.417,-0.3,60.0,6.6
2015-01-20,19633.917,-1.0499999999999998,56.0,4.2
2015-01-21,19569.5,0.0,56.0,5.0
2015-01-22,20145.792,-2.05,60.0,4.5
2015-01-23,20394.0,-7.25,62.0,4.5
2015-01-24,18313.625,-2.5,72.0,2.3
2015-01-25,18024.667,-0.5,70.0,4.0
2015-01-26,18455.958,1.75,81.0,2.5
2015-01-27,18404.583,2.4,75.0,5.0
2015-01-28,17829.292,3.65,79.0,3.7
2015-01-29,18190.625,4.2,60.0,5.5
2015-01-30,18392.167,3.0,55.0,6.4
2015-01-31,17692.583,0.4499999999999999,65.0,3.6
2015-02-01,18041.917,-3.3,85.0,1.9
2015-02-02,19783.25,-4.75,84.0,2.6
2015-02-03,20123.125,-4.85,81.0,2.8
2015-02-04,20475.167,-3.7,86.0,2.8
2015-02-05,20502.292,-2.95,88.0,4.9
2015-02-06,19345.375,4.1,81.0,9.3
2015-02-07,17924.125,3.0,78.0,15.1
2015-02-08,17812.292,0.6,88.0,8.9
2015-02-09,17983.542,4.6,88.0,8.7
2015-02-10,17589.917,6.3,75.0,10.4
2015-02-11,17860.125,7.25,61.0,7.3
2015-02-12,18365.292,4.15,77.0,5.6
2015-02-13,18390.917,-1.35,84.0,1.9
2015-02-14,17212.333,-0.8500000000000001,87.0,2.1
2015-02-15,17106.708,1.3,55.0,7.0
2015-02-16,18504.708,1.65,52.0,7.8
2015-02-17,18236.333,2.7,60.0,7.0
2015-02-18,17164.417,2.55,87.0,4.4
2015-02-19,16814.792,3.85,91.0,3.2
2015-02-20,16864.375,3.2,80.0,2.3
2015-02-21,16573.417,1.75,72.0,3.9
2015-02-22,16698.083,1.45,84.0,3.3
2015-02-23,18114.25,1.8,54.0,8.6
2015-02-24,17752.375,4.2,50.0,5.8
2015-02-25,17403.583,4.449999999999999,67.0,3.0
2015-02-26,17954.125,3.65,64.0,8.8
2015-02-27,17430.375,5.55,49.0,7.0
2015-02-28,16558.75,5.5,51.0,8.4
2015-03-01,16183.708,5.9,55.0,9.0
2015-03-02,17071.875,4.85,67.0,3.9
2015-03-03,17461.792,1.4,73.0,2.7
2015-03-04,17750.833,0.65,72.0,3.4
2015-03-05,17829.0,2.1,67.0,3.8
2015-03-06,16726.917,4.5,70.0,4.4
2015-03-07,15514.5,6.6,62.0,7.7
2015-03-08,15016.583,4.9,85.0,4.6
2015-03-09,16789.167,3.65,69.0,6.3
2015-03-10,16621.542,5.0,71.0,7.2
2015-03-11,16482.125,4.949999999999999,63.0,5.3
2015-03-12,16639.25,6.45,47.0,5.9
2015-03-13,16405.625,7.25,46.0,4.6
2015-03-14,15707.667,4.75,61.0,3.7
2015-03-15,15451.208,3.5,57.0,2.7
2015-03-16,16506.0,6.5,48.0,4.2
2015-03-17,16243.333,7.9,56.0,4.1
2015-03-18,16311.375,5.199999999999999,71.0,2.0
2015-03-19,16788.125,4.5,82.0,6.6
2015-03-20,16773.75,1.85,79.0,2.1
2015-03-21,16123.042,-1.35,65.0,3.0
2015-03-22,16476.125,1.65,83.0,3.5
2015-03-23,16658.792,4.85,81.0,5.1
2015-03-24,16511.208,4.25,73.0,4.1
2015-03-25,17047.458,1.3,50.0,6.6
2015-03-26,18021.5,1.85,49.0,6.9
2015-03-27,17240.458,2.9000000000000004,70.0,2.3
2015-03-28,15934.5,3.45,58.0,4.8
2015-03-29,15250.875,6.25,63.0,5.5
2015-03-30,16112.875,3.4000000000000004,78.0,2.2
2015-03-31,16391.333,1.5,66.0,2.8
2015-04-01,15700.5,1.5,73.0,2.7
2015-04-02,14786.417,2.7,86.0,5.3
2015-04-03,14711.292,2.95,82.0,4.5
2015-04-04,14650.917,2.25,72.0,2.3
2015-04-05,14765.583,1.4,68.0,3.1
2015-04-06,14780.0,5.35,80.0,4.5
2015-04-07,15055.833,6.85,80.0,9.7
2015-04-08,15176.208,5.8,63.0,11.6
2015-04-09,15380.917,5.6,75.0,6.4
2015-04-10,14648.917,4.85,84.0,5.9
2015-04-11,13934.208,6.699999999999999,65.0,4.2
2015-04-12,13765.083,6.9,77.0,4.1
2015-04-13,15170.208,4.05,78.0,8.5
2015-04-14,15505.75,2.3,78.0,3.8
2015-04-15,15070.542,4.6,82.0,4.1
2015-04-16,14996.583,4.35,86.0,8.4
2015-04-17,14785.792,5.45,76.0,5.0
2015-04-18,13707.125,5.85,85.0,5.2
2015-04-19,12981.458,6.6,78.0,6.8
2015-04-20,13588.292,5.65,82.0,4.3
2015-04-21,13601.917,6.45,70.0,4.3
2015-04-22,13637.542,6.8,81.0,10.4
2015-04-23,13703.625,4.5,72.0,13.1
2015-04-24,14277.167,3.25,70.0,5.7
2015-04-25,13685.75,4.6,72.0,4.4
2015-04-26,13352.708,7.15,62.0,2.6
2015-04-27,14708.958,5.95,58.0,3.7
2015-04-28,15040.0,5.85,64.0,3.1
2015-04-29,14660.708,5.050000000000001,65.0,2.7
2015-04-30,14691.458,5.5,75.0,3.0
2015-05-01,13600.792,5.25,66.0,4.4
2015-05-02,13490.333,4.7,70.0,5.2
2015-05-03,13225.375,5.05,67.0,4.6
2015-05-04,14546.75,6.55,53.0,6.9
2015-05-05,14072.875,10.3,55.0,5.5
2015-05-06,13344.583,12.5,72.0,4.3
2015-05-07,13785.792,11.65,60.0,5.5
2015-05-08,13817.542,9.55,79.0,4.8
2015-05-09,13440.125,7.550000000000001,56.0,3.7
2015-05-10,12997.333,7.2,71.0,3.8
2015-05-11,14082.917,8.6,60.0,5.2
2015-05-12,13875.0,9.8,80.0,2.9
2015-05-13,13639.458,8.649999999999999,81.0,6.1
2015-05-14,13045.375,6.3,72.0,8.1
2015-05-15,13540.083,6.35,62.0,4.7
2015-05-16,13035.375,7.65,61.0,4.6
2015-05-17,12656.792,8.3,79.0,4.0
2015-05-18,13713.083,7.85,61.0,3.4
2015-05-19,13731.75,10.4,53.0,6.2
2015-05-20,13492.792,9.8,72.0,5.5
2015-05-21,13486.5,9.45,61.0,3.2
2015-05-22,13385.292,9.6,76.0,4.1
2015-05-23,12320.875,5.800000000000001,81.0,10.6
2015-05-24,12395.083,6.95,71.0,3.5
2015-05-25,12437.125,8.55,88.0,3.6
2015-05-26,13266.417,8.35,79.0,3.8
2015-05-27,14046.0,8.6,74.0,4.8
2015-05-28,18066.458,9.45,61.0,4.2
2015-05-29,13211.917,10.1,83.0,3.4
2015-05-30,12572.917,8.75,64.0,3.5
2015-05-31,12026.583,9.75,87.0,4.0
2015-06-01,13186.25,8.75,78.0,5.4
2015-06-02,13676.875,9.55,56.0,5.4
2015-06-03,13208.875,9.25,82.0,6.4
2015-06-04,13229.917,8.15,83.0,8.0
2015-06-05,12839.875,8.6,76.0,4.0
2015-06-06,11866.5,10.35,82.0,3.7
2015-06-07,11584.0,9.5,83.0,3.8
2015-06-08,12862.125,8.649999999999999,74.0,6.6
2015-06-09,12879.458,9.1,70.0,3.5
2015-06-10,12668.0,9.75,81.0,6.8
2015-06-11,12425.875,9.0,90.0,3.7
2015-06-12,12408.167,9.55,85.0,3.3
2015-06-13,11646.417,9.45,69.0,4.5
2015-06-14,11569.167,8.7,71.0,5.6
2015-06-15,12933.0,7.35,83.0,10.7
2015-06-16,12801.333,7.699999999999999,75.0,9.2
2015-06-17,13137.875,9.65,64.0,3.2
2015-06-18,12805.292,11.8,86.0,3.2
2015-06-19,12425.75,11.55,73.0,4.4
2015-06-20,11534.75,10.8,71.0,3.2
2015-06-21,11282.667,11.95,74.0,4.6
2015-06-22,12279.375,13.8,77.0,6.3
2015-06-23,12149.875,11.9,73.0,5.2
2015-06-24,12249.917,11.05,68.0,4.4
2015-06-25,12588.333,10.7,82.0,6.5
2015-06-26,12344.917,10.05,85.0,6.2
2015-06-27,11219.208,10.35,72.0,2.9
2015-06-28,11137.375,12.2,72.0,4.0
2015-06-29,12136.75,13.8,85.0,4.8
2015-06-30,12138.708,12.95,80.0,3.4
2015-07-01,11972.625,14.05,88.0,2.4
2015-07-02,11811.917,16.95,81.0,2.7
2015-07-03,11638.583,18.5,83.0,4.6
2015-07-04,10845.417,14.9,79.0,5.0
2015-07-05,10577.708,14.1,78.0,3.8
2015-07-06,11442.5,16.9,78.0,4.7
2015-07-07,11805.667,14.15,80.0,6.9
2015-07-08,11833.333,10.85,76.0,3.2
2015-07-09,11711.375,10.3,77.0,6.0
2015-07-10,11622.958,9.7,84.0,6.2
2015-07-11,11014.708,11.9,78.0,3.3
2015-07-12,10617.25,15.7,72.0,3.8
2015-07-13,11382.0,17.1,78.0,6.1
2015-07-14,11415.833,14.15,79.0,4.4
2015-07-15,11240.875,13.05,79.0,3.4
2015-07-16,11460.042,11.85,89.0,6.5
2015-07-17,11273.542,11.75,70.0,3.4
2015-07-18,10690.125,13.55,75.0,3.6
2015-07-19,10644.792,12.15,86.0,2.7
2015-07-20,11272.25,13.05,73.0,3.5
2015-07-21,11377.75,13.15,75.0,2.9
2015-07-22,11283.708,13.6,84.0,3.4
2015-07-23,11296.0,12.5,84.0,3.8
2015-07-24,11382.625,12.3,74.0,2.3
2015-07-25,10933.208,13.35,73.0,2.5
2015-07-26,10807.458,13.15,81.0,2.4
2015-07-27,11384.208,13.15,77.0,4.8
2015-07-28,11539.667,12.7,73.0,3.8
2015-07-29,11505.792,13.95,84.0,4.4
2015-07-30,11403.25,12.85,82.0,7.2
2015-07-31,11413.0,11.25,77.0,7.1
2015-08-01,11097.625,12.3,61.0,2.7
2015-08-02,10944.208,12.45,78.0,6.1
2015-08-03,11874.958,13.35,69.0,2.5
2015-08-04,11965.708,15.6,62.0,4.7
2015-08-05,11779.125,17.950000000000003,84.0,3.0
2015-08-06,11924.167,16.7,78.0,2.4
2015-08-07,11536.333,17.35,75.0,3.7
2015-08-08,10925.958,14.05,82.0,2.4
2015-08-09,11084.25,13.85,73.0,2.6
2015-08-10,11995.958,15.95,76.0,3.2
2015-08-11,11900.958,17.5,69.0,4.6
2015-08-12,12041.583,13.95,79.0,4.3
2015-08-13,12258.333,13.15,74.0,2.8
2015-08-14,11840.25,14.3,73.0,2.9
2015-08-15,11053.958,20.450000000000003,35.0,6.2
2015-08-16,10652.375,21.5,47.0,5.9
2015-08-17,11620.625,21.2,44.0,4.5
2015-08-18,11795.375,21.1,37.0,4.5
2015-08-19,11785.917,22.3,38.0,3.5
2015-08-20,11751.958,21.25,45.0,2.9
2015-08-21,11664.667,20.45,45.0,3.3
2015-08-22,10787.625,20.0,57.0,3.1
2015-08-23,10554.833,18.05,71.0,3.0
2015-08-24,11681.917,19.15,49.0,4.5
2015-08-25,11787.292,21.65,55.0,6.1
2015-08-26,11817.5,20.9,63.0,3.7
2015-08-27,11951.625,18.25,80.0,3.7
2015-08-28,11686.125,14.55,85.0,6.9
2015-08-29,11173.375,13.7,75.0,3.7
2015-08-30,11078.167,13.5,83.0,3.0
2015-08-31,12168.875,12.6,83.0,2.7
2015-09-01,12475.25,11.9,79.0,2.7
2015-09-02,12495.75,10.1,80.0,2.5
2015-09-03,12382.125,12.15,70.0,2.7
2015-09-04,12449.125,11.35,87.0,2.5
2015-09-05,11659.542,10.6,87.0,3.5
2015-09-06,11568.833,9.85,76.0,3.9
2015-09-07,12626.417,10.8,84.0,8.2
2015-09-08,12531.25,11.85,90.0,5.8
2015-09-09,12467.417,12.05,84.0,2.3
2015-09-10,12471.917,10.85,86.0,2.3
2015-09-11,12248.042,13.3,61.0,3.4
2015-09-12,11615.333,15.7,62.0,5.4
2015-09-13,11449.333,16.4,57.0,6.6
2015-09-14,12484.333,16.7,58.0,5.9
2015-09-15,12775.208,16.8,55.0,7.1
2015-09-16,12856.542,14.85,58.0,4.8
2015-09-17,12851.75,12.7,79.0,3.6
2015-09-18,12481.875,13.1,90.0,5.6
2015-09-19,11986.833,11.6,85.0,9.9
2015-09-20,11939.042,10.75,83.0,7.3
2015-09-21,13150.042,10.4,87.0,3.0
2015-09-22,13317.25,11.5,69.0,3.5
2015-09-23,13090.583,11.3,83.0,2.2
2015-09-24,14009.917,13.85,59.0,4.6
2015-09-25,13735.917,13.0,81.0,3.8
2015-09-26,12403.125,10.25,76.0,7.3
2015-09-27,12371.833,10.3,92.0,7.8
2015-09-28,13401.625,10.0,89.0,2.2
2015-09-29,13278.292,11.0,81.0,3.5
2015-09-30,13302.0,11.95,85.0,4.6
2015-10-01,13240.458,11.6,88.0,8.9
2015-10-02,13158.333,11.4,73.0,13.9
2015-10-03,12707.583,9.45,81.0,3.8
2015-10-04,12641.167,8.45,88.0,4.5
2015-10-05,13852.25,6.0,73.0,4.9
2015-10-06,13878.458,9.65,54.0,8.0
2015-10-07,14260.667,9.45,46.0,6.1
2015-10-08,14498.292,9.35,52.0,5.9
2015-10-09,14443.417,8.649999999999999,78.0,2.5
2015-10-10,13441.5,7.55,92.0,2.0
2015-10-11,13186.333,4.800000000000001,97.0,1.8
2015-10-12,14371.708,4.0,91.0,2.4
2015-10-13,14654.5,6.2,84.0,3.0
2015-10-14,14912.917,6.3,90.0,2.5
2015-10-15,15046.917,4.45,88.0,2.7
2015-10-16,15165.792,7.5,83.0,2.2
2015-10-17,14353.25,8.7,94.0,1.4
2015-10-18,14023.417,8.9,93.0,1.3
2015-10-19,15221.375,8.2,88.0,1.8
2015-10-20,15143.083,5.9,87.0,2.0
2015-10-21,15107.083,5.800000000000001,77.0,4.6
2015-10-22,14268.958,8.8,82.0,2.6
2015-10-23,14218.792,9.2,86.0,5.7
2015-10-24,13740.708,8.600000000000001,70.0,3.7
2015-10-25,14140.652,7.699999999999999,84.0,5.4
2015-10-26,14933.708,6.1,81.0,3.7
2015-10-27,15370.292,5.55,90.0,2.3
2015-10-28,15528.167,1.45,96.0,1.7
2015-10-29,15780.167,1.85,83.0,3.3
2015-10-30,15570.542,4.25,74.0,3.4
2015-10-31,14080.625,10.25,63.0,4.0
2015-11-01,13685.042,10.75,86.0,3.5
2015-11-02,14705.0,10.85,84.0,4.2
2015-11-03,14961.208,9.55,95.0,2.1
2015-11-04,15140.458,8.1,91.0,3.8
2015-11-05,15616.458,4.5,95.0,1.2
2015-11-06,15341.375,3.55,89.0,2.0
2015-11-07,13854.542,7.75,83.0,3.1
2015-11-08,13942.417,6.1,82.0,3.5
2015-11-09,15373.208,8.0,56.0,6.0
2015-11-10,15623.625,6.949999999999999,85.0,3.5
2015-11-11,16007.417,5.45,86.0,4.7
2015-11-12,16070.5,3.65,96.0,2.8
2015-11-13,15704.167,4.8,64.0,3.6
2015-11-14,15021.667,3.8,64.0,3.4
2015-11-15,15186.667,3.05,86.0,2.2
2015-11-16,16867.833,2.35,72.0,6.1
2015-11-17,16944.583,2.85,86.0,3.0
2015-11-18,17081.042,-0.25,93.0,2.9
2015-11-19,17638.958,-0.45,92.0,2.0
2015-11-20,18477.542,-0.95,95.0,2.2
2015-11-21,17965.792,-2.1,95.0,2.4
2015-11-22,18050.0,-1.4,90.0,3.4
2015-11-23,19147.833,1.05,82.0,2.5
2015-11-24,18180.542,2.5,79.0,3.0
2015-11-25,18111.583,1.25,80.0,4.9
2015-11-26,18387.542,3.45,78.0,6.0
2015-11-27,16571.417,5.6,93.0,3.3
2015-11-28,16181.375,3.75,78.0,3.6
2015-11-29,16401.125,2.45,74.0,3.4
2015-11-30,18127.542,-0.2,88.0,5.6
2015-12-01,18290.083,1.5,83.0,7.4
2015-12-02,17866.292,2.75,77.0,4.8
2015-12-03,17800.792,3.25,66.0,3.9
2015-12-04,17389.708,2.15,76.0,3.0
2015-12-05,15895.708,3.3,69.0,7.2
2015-12-06,15629.125,4.05,73.0,7.7
2015-12-07,17452.083,4.75,79.0,10.6
2015-12-08,17159.042,3.85,73.0,3.6
2015-12-09,16630.5,5.7,76.0,4.4
2015-12-10,16762.375,4.9,66.0,4.7
2015-12-11,17857.625,4.55,60.0,6.3
2015-12-12,17482.667,3.1500000000000004,87.0,4.8
2015-12-13,17875.25,0.35,92.0,3.6
2015-12-14,19883.125,-1.4,91.0,2.9
2015-12-15,20016.583,1.1,83.0,6.7
2015-12-16,19652.958,2.8,82.0,3.5
2015-12-17,18613.083,0.8,94.0,1.9
2015-12-18,17266.625,2.5,94.0,4.0
2015-12-19,15813.0,4.8,87.0,4.4
2015-12-20,15188.958,5.0,97.0,1.8
2015-12-21,16266.375,4.5,82.0,3.5
2015-12-22,16737.542,4.8,84.0,2.7
2015-12-23,16694.25,3.55,69.0,3.3
2015-12-24,15657.917,5.9,56.0,7.8
2015-12-25,15415.792,5.75,79.0,8.7
2015-12-26,16789.125,0.45,81.0,9.0
2015-12-27,17978.167,-3.9,72.0,3.2
2015-12-28,19188.792,-6.75,75.0,4.2
2015-12-29,18508.208,0.55,48.0,6.7
2015-12-30,17647.792,4.45,55.0,8.3
2015-12-31,16926.167,6.2,53.0,8.8
2016-01-01,16421.75,4.85,57.0,4.1
2016-01-02,17601.417,2.7,56.0,6.8
2016-01-03,18736.917,-3.35,46.0,7.2
2016-01-04,20863.125,-5.95,68.0,5.4
2016-01-05,21331.417,-6.449999999999999,73.0,5.2
2016-01-06,21921.5,-8.350000000000001,74.0,3.9
2016-01-07,22247.792,-10.5,67.0,4.8
2016-01-08,22054.083,-15.1,69.0,3.4
2016-01-09,21282.167,-15.5,66.0,4.5
2016-01-10,20310.208,-8.45,51.0,8.5
2016-01-11,20585.042,-1.65,51.0,7.2
2016-01-12,20741.292,-4.1,54.0,6.7
2016-01-13,21172.083,-7.15,51.0,5.8
2016-01-14,21966.625,-9.6,52.0,4.0
2016-01-15,22189.708,-12.4,75.0,4.4
2016-01-16,21162.083,-12.4,84.0,3.6
2016-01-17,21132.458,-6.1,86.0,6.7
2016-01-18,22195.875,-0.95,85.0,6.3
2016-01-19,22319.042,-1.7000000000000002,91.0,6.3
2016-01-20,22469.458,-0.65,89.0,6.8
2016-01-21,22592.75,-2.2,90.0,2.8
2016-01-22,22062.208,-6.6,81.0,3.3
2016-01-23,19859.833,-3.65,92.0,1.9
2016-01-24,18892.292,-1.7999999999999998,97.0,2.4
2016-01-25,19206.208,-0.75,97.0,1.5
2016-01-26,18604.708,3.45,75.0,4.4
2016-01-27,18122.75,3.35,87.0,3.5
2016-01-28,18414.833,1.2000000000000002,82.0,3.1
2016-01-29,18138.458,3.15,64.0,7.2
2016-01-30,17626.625,3.7,71.0,6.0
2016-01-31,17541.875,1.15,80.0,3.5
2016-02-01,19319.625,0.95,64.0,6.4
2016-02-02,18819.75,-1.2000000000000002,93.0,1.3
2016-02-03,18903.292,-0.95,89.0,6.5
2016-02-04,19371.708,1.45,91.0,10.1
2016-02-05,19485.833,1.3,81.0,4.8
2016-02-06,17482.875,2.4,81.0,4.5
2016-02-07,16840.5,4.65,67.0,4.7
2016-02-08,18048.625,6.0,59.0,5.4
2016-02-09,18089.375,3.8,75.0,2.1
2016-02-10,18449.167,-1.15,88.0,2.5
2016-02-11,19080.25,-0.75,73.0,4.7
2016-02-12,19689.708,-4.6,81.0,2.5
2016-02-13,19020.083,-6.6,86.0,3.1
2016-02-14,19129.417,-8.0,79.0,3.6
2016-02-15,20650.833,-5.3,83.0,4.5
2016-02-16,20493.25,-0.6000000000000001,57.0,4.3
2016-02-17,19456.875,2.8,50.0,3.8
2016-02-18,19708.667,1.6,51.0,3.0
2016-02-19,19347.875,-1.65,59.0,3.8
2016-02-20,18093.875,1.7,61.0,8.2
2016-02-21,17675.917,0.6,70.0,2.6
2016-02-22,19066.792,-1.7,69.0,3.2
2016-02-23,19119.792,-3.85,88.0,4.2
2016-02-24,19020.042,1.1,86.0,7.5
2016-02-25,19271.875,1.6,91.0,4.4
2016-02-26,18925.792,0.1999999999999999,93.0,1.4
2016-02-27,18115.625,-0.1499999999999999,92.0,5.8
2016-02-28,17834.667,1.05,92.0,3.3
2016-02-29,19495.375,-0.25,79.0,2.3
2016-03-01,19549.25,-1.15,61.0,6.6
2016-03-02,19455.583,1.05,55.0,8.2
2016-03-03,19238.958,1.5499999999999998,59.0,5.0
2016-03-04,18717.417,1.35,67.0,2.8
2016-03-05,17638.25,1.9,74.0,2.3
2016-03-06,17491.417,0.8999999999999999,62.0,3.5
2016-03-07,18681.542,0.3,86.0,2.0
2016-03-08,18631.875,-0.55,77.0,2.5
2016-03-09,18515.042,-2.4,69.0,2.5
2016-03-10,18289.833,-0.0499999999999999,66.0,2.1
2016-03-11,18282.75,-0.6,74.0,2.6
2016-03-12,17337.292,-1.5,70.0,2.3
2016-03-13,16630.958,0.75,89.0,2.4
2016-03-14,17082.583,3.9,97.0,1.8
2016-03-15,16468.667,4.2,98.0,1.3
2016-03-16,16494.25,3.6,93.0,2.9
2016-03-17,16889.875,4.4,84.0,8.9
2016-03-18,16714.292,3.05,83.0,4.8
2016-03-19,15822.292,3.4,87.0,9.6
2016-03-20,15440.333,3.05,90.0,7.8
2016-03-21,16621.708,3.1,88.0,4.1
2016-03-22,16705.833,2.5,90.0,5.6
2016-03-23,16322.833,2.7,76.0,4.0
2016-03-24,16011.292,1.7,78.0,2.4
2016-03-25,15385.208,2.95,80.0,2.5
2016-03-26,15152.083,4.65,58.0,6.6
2016-03-27,14439.542,8.75,52.0,8.7
2016-03-28,15011.167,8.95,49.0,6.1
2016-03-29,16217.583,8.75,58.0,6.8
2016-03-30,16556.5,5.449999999999999,59.0,4.0
2016-03-31,17054.167,1.8,75.0,3.9
2016-04-01,16770.375,2.0,72.0,2.0
2016-04-02,15625.375,4.65,73.0,3.2
2016-04-03,15106.958,5.1,73.0,3.0
2016-04-04,15907.792,8.100000000000001,63.0,2.3
2016-04-05,15721.042,5.949999999999999,90.0,2.3
2016-04-06,15604.083,5.1,92.0,3.6
2016-04-07,15742.792,5.4,82.0,6.1
2016-04-08,15954.458,4.15,80.0,6.3
2016-04-09,15043.0,3.2,73.0,2.3
2016-04-10,14562.667,3.35,68.0,3.3
2016-04-11,15240.958,3.95,65.0,3.0
2016-04-12,15337.375,3.75,73.0,3.0
2016-04-13,15380.792,3.65,61.0,2.8
2016-04-14,15538.0,1.7000000000000002,68.0,3.5
2016-04-15,15671.625,3.45,81.0,3.4
2016-04-16,14364.667,4.85,73.0,2.9
2016-04-17,14343.167,4.300000000000001,75.0,2.6
2016-04-18,15273.917,5.6,74.0,4.5
2016-04-19,15170.917,5.85,75.0,5.9
2016-04-20,15055.75,4.35,79.0,4.3
2016-04-21,14911.667,4.95,81.0,7.9
2016-04-22,15232.083,3.45,83.0,7.6
2016-04-23,14864.875,1.5,87.0,4.0
2016-04-24,14753.583,1.3,79.0,2.4
2016-04-25,15856.292,1.95,56.0,2.7
2016-04-26,15563.292,3.15,75.0,2.4
2016-04-27,15318.583,2.05,82.0,3.8
2016-04-28,15372.417,4.75,63.0,4.6
2016-04-29,15165.792,7.4,61.0,7.9
2016-04-30,14596.25,9.4,50.0,7.2
2016-05-01,13770.833,10.15,47.0,5.5
2016-05-02,14918.75,8.8,55.0,5.1
2016-05-03,14478.125,10.6,63.0,5.1
2016-05-04,14166.708,9.1,64.0,3.2
2016-05-05,13090.625,10.7,47.0,3.2
2016-05-06,13264.167,11.55,56.0,2.9
2016-05-07,12161.333,11.5,62.0,2.8
2016-05-08,11645.75,11.35,76.0,2.7
2016-05-09,12801.333,11.95,71.0,3.2
2016-05-10,12882.042,10.8,73.0,3.8
2016-05-11,12847.542,7.85,59.0,3.8
2016-05-12,13160.25,8.25,77.0,6.2
2016-05-13,13683.75,5.15,78.0,6.6
2016-05-14,12803.75,5.55,80.0,5.0
2016-05-15,12305.417,6.6,75.0,5.5
2016-05-16,12635.583,7.3,70.0,3.2
2016-05-17,12446.417,7.05,68.0,5.1
2016-05-18,13730.792,5.5,73.0,2.6
2016-05-19,13577.583,5.6,68.0,2.7
2016-05-20,13476.25,8.65,67.0,4.7
2016-05-21,12228.042,12.1,68.0,2.8
2016-05-22,11967.792,14.1,65.0,4.6
2016-05-23,13207.208,11.25,89.0,5.8
2016-05-24,13433.125,8.35,79.0,3.4
2016-05-25,13153.833,8.75,75.0,3.0
2016-05-26,12918.208,9.2,69.0,3.5
2016-05-27,12497.625,13.25,51.0,3.0
2016-05-28,11334.5,16.15,53.0,6.4
2016-05-29,11190.208,15.6,67.0,3.4
2016-05-30,12089.25,16.1,72.0,3.4
2016-05-31,11882.667,17.200000000000003,77.0,5.4
2016-06-01,11750.167,14.75,86.0,4.4
2016-06-02,11686.958,13.75,83.0,4.1
2016-06-03,11591.917,11.7,69.0,5.3
2016-06-04,10968.167,10.1,65.0,3.9
2016-06-05,10747.875,10.0,59.0,3.2
2016-06-06,11815.708,11.55,64.0,3.6
2016-06-07,11965.375,12.95,69.0,6.3
2016-06-08,12131.25,9.75,70.0,8.6
2016-06-09,12457.0,7.55,68.0,5.9
2016-06-10,12361.042,7.85,68.0,3.7
2016-06-11,11454.75,9.9,66.0,4.9
2016-06-12,11186.0,11.3,64.0,4.3
2016-06-13,12174.083,10.95,63.0,4.7
2016-06-14,11975.833,11.45,61.0,3.7
2016-06-15,12049.625,13.35,70.0,4.2
2016-06-16,12058.458,15.65,78.0,4.9
2016-06-17,11936.917,13.7,85.0,8.4
2016-06-18,11259.292,10.5,86.0,9.5
2016-06-19,11287.0,8.8,87.0,8.2
2016-06-20,12460.292,11.3,61.0,5.0
2016-06-21,12161.5,14.6,82.0,2.1
2016-06-22,12111.0,13.35,74.0,2.9
2016-06-23,11898.833,15.65,75.0,4.0
2016-06-24,11824.167,15.95,78.0,3.5
2016-06-25,10957.667,14.9,85.0,5.7
2016-06-26,10843.25,14.75,74.0,2.9
2016-06-27,11749.833,17.65,76.0,4.7
2016-06-28,11945.875,13.9,79.0,3.2
2016-06-29,11945.208,14.25,62.0,3.1
2016-06-30,11940.833,18.15,52.0,5.2
2016-07-01,11669.875,16.8,59.0,4.3
2016-07-02,11057.167,16.6,68.0,5.3
2016-07-03,10970.708,13.25,79.0,3.3
2016-07-04,11870.542,13.25,71.0,3.8
2016-07-05,12185.792,14.5,70.0,4.5
2016-07-06,11881.083,12.85,77.0,8.2
2016-07-07,11850.208,11.7,69.0,4.4
2016-07-08,11456.958,12.45,68.0,3.3
2016-07-09,10733.708,13.8,72.0,5.8
2016-07-10,10510.042,15.1,65.0,2.8
2016-07-11,11184.875,16.7,74.0,3.4
2016-07-12,11168.917,16.1,81.0,4.0
2016-07-13,11132.542,14.35,92.0,6.0
2016-07-14,11267.667,13.25,81.0,5.5
2016-07-15,11237.125,12.85,74.0,3.1
2016-07-16,10589.542,12.3,84.0,3.1
2016-07-17,10448.083,12.95,83.0,3.5
2016-07-18,11212.417,13.35,76.0,4.7
2016-07-19,10325.375,13.15,74.0,3.8
2016-07-20,10853.375,15.75,75.0,2.9
2016-07-21,10867.333,21.0,50.0,3.7
2016-07-22,10800.542,22.45,76.0,3.4
2016-07-23,10259.583,18.25,87.0,3.6
2016-07-24,10050.167,18.3,79.0,2.5
2016-07-25,10836.667,20.3,62.0,4.2
2016-07-26,10795.083,20.1,80.0,4.3
2016-07-27,10929.542,16.85,66.0,3.1
2016-07-28,11021.792,17.85,74.0,3.5
2016-07-29,11070.083,15.2,80.0,3.8
2016-07-30,10477.0,15.2,88.0,3.0
2016-07-31,10305.583,13.25,90.0,2.4
2016-08-01,11258.042,12.7,84.0,3.4
2016-08-02,11460.333,13.1,83.0,4.7
2016-08-03,11415.292,14.2,66.0,3.0
2016-08-04,11403.167,16.65,65.0,2.8
2016-08-05,11287.583,16.75,79.0,4.5
2016-08-06,10759.708,14.2,79.0,3.9
2016-08-07,10732.542,14.7,71.0,4.5
2016-08-08,11645.042,15.7,79.0,2.3
2016-08-09,12061.25,13.65,85.0,5.1
2016-08-10,12450.0,10.8,74.0,6.4
2016-08-11,12493.667,8.9,80.0,5.9
2016-08-12,12431.542,9.45,77.0,2.8
2016-08-13,11329.125,12.3,77.0,5.1
2016-08-14,10908.292,12.1,72.0,5.2
2016-08-15,12015.5,10.6,88.0,4.1
2016-08-16,12097.5,13.1,77.0,3.0
2016-08-17,12006.625,13.6,74.0,4.1
2016-08-18,11889.25,17.85,54.0,4.5
2016-08-19,11666.708,17.950000000000003,66.0,3.1
2016-08-20,11053.875,16.950000000000003,73.0,2.6
2016-08-21,10882.542,16.4,74.0,3.3
2016-08-22,11994.25,14.8,88.0,4.0
2016-08-23,12086.917,14.8,76.0,3.6
2016-08-24,12026.833,12.85,86.0,2.8
2016-08-25,12168.083,13.85,79.0,4.0
2016-08-26,11924.958,12.6,84.0,5.5
2016-08-27,11111.625,13.35,82.0,10.3
2016-08-28,11390.417,12.7,75.0,2.3
2016-08-29,12331.0,12.6,83.0,3.0
2016-08-30,12390.958,11.8,90.0,1.9
2016-08-31,12259.458,14.4,83.0,3.4
2016-09-01,12136.375,13.85,86.0,2.9
2016-09-02,12128.958,11.9,82.0,2.9
2016-09-03,11233.25,10.55,92.0,2.0
2016-09-04,11242.625,11.4,81.0,4.8
2016-09-05,12303.167,9.8,81.0,3.1
2016-09-06,12300.75,12.95,78.0,3.2
2016-09-07,12061.875,14.45,76.0,8.0
2016-09-08,12041.833,13.6,76.0,3.1
2016-09-09,11786.875,16.05,82.0,3.0
2016-09-10,11139.5,13.45,85.0,2.6
2016-09-11,10894.25,12.5,89.0,3.2
2016-09-12,12109.042,11.6,80.0,3.1
2016-09-13,12098.625,12.55,81.0,2.5
2016-09-14,11980.0,12.85,91.0,3.4
2016-09-15,12004.0,13.2,86.0,2.9
2016-09-16,11914.292,12.65,86.0,2.3
2016-09-17,11278.375,13.8,91.0,1.8
2016-09-18,11106.167,13.4,96.0,1.9
2016-09-19,12239.125,12.7,94.0,2.4
2016-09-20,12230.25,13.4,93.0,2.1
2016-09-21,12373.333,14.0,87.0,2.4
2016-09-22,12309.542,15.25,84.0,2.8
2016-09-23,12391.667,14.55,79.0,3.2
2016-09-24,11850.417,12.35,79.0,2.8
2016-09-25,11230.125,14.75,63.0,3.6
2016-09-26,12357.5,15.4,75.0,3.3
2016-09-27,12756.375,11.35,71.0,4.9
2016-09-28,12623.625,13.05,72.0,5.5
2016-09-29,12818.667,10.05,82.0,3.1
2016-09-30,12921.167,9.35,82.0,6.8
2016-10-01,12435.708,8.399999999999999,81.0,7.7
2016-10-02,12448.083,7.050000000000001,85.0,3.3
2016-10-03,13767.083,4.75,88.0,2.7
2016-10-04,14073.375,5.45,71.0,3.1
2016-10-05,14089.292,5.8,82.0,2.8
2016-10-06,14182.167,3.45,84.0,2.4
2016-10-07,13789.167,5.1,79.0,3.4
2016-10-08,13261.542,6.1,76.0,3.6
2016-10-09,13663.833,4.65,73.0,3.4
2016-10-10,15009.5,5.15,73.0,4.1
2016-10-11,15268.417,2.7,79.0,2.8
2016-10-12,15495.167,0.5,88.0,2.8
2016-10-13,15698.125,-0.85,91.0,2.6
2016-10-14,15935.25,0.1999999999999999,74.0,2.6
2016-10-15,14902.583,3.8,52.0,4.9
2016-10-16,14573.542,5.55,53.0,4.4
2016-10-17,15237.0,8.75,57.0,4.9
2016-10-18,14980.5,10.05,61.0,3.3
2016-10-19,14819.75,6.75,84.0,2.6
2016-10-20,15219.083,4.7,72.0,4.3
2016-10-21,15495.083,6.4,56.0,4.7
2016-10-22,15065.792,4.5,64.0,4.3
2016-10-23,15078.167,3.45,65.0,4.7
2016-10-24,16003.167,4.5,66.0,5.0
2016-10-25,16125.667,4.7,73.0,2.9
2016-10-26,15926.292,3.05,70.0,3.3
2016-10-27,15194.583,6.25,76.0,4.3
2016-10-28,15107.542,6.6,82.0,7.8
2016-10-29,14709.292,6.2,85.0,11.0
2016-10-30,14856.239,7.0,87.0,4.7
2016-10-31,15540.833,5.949999999999999,96.0,2.4
2016-11-01,15981.958,4.65,95.0,1.6
2016-11-02,16682.917,0.75,92.0,2.3
2016-11-03,17636.75,-0.55,82.0,3.4
2016-11-04,17741.0,0.05,65.0,4.8
2016-11-05,16971.417,0.0,60.0,6.7
2016-11-06,17348.917,-3.85,66.0,3.7
2016-11-07,19520.25,-7.7,73.0,3.1
2016-11-08,20022.375,-8.350000000000001,69.0,3.5
2016-11-09,19761.917,-6.0,66.0,3.8
2016-11-10,19636.125,-2.95,57.0,4.0
2016-11-11,19547.75,-3.2,77.0,3.0
2016-11-12,18129.083,0.0,80.0,2.3
2016-11-13,16645.833,0.4,84.0,2.2
2016-11-14,17216.417,3.25,79.0,2.9
2016-11-15,16630.917,5.5,82.0,4.9
2016-11-16,16900.833,6.449999999999999,67.0,3.8
2016-11-17,17293.375,2.85,93.0,2.6
2016-11-18,17431.958,-0.2,77.0,3.0
2016-11-19,16703.708,0.0499999999999999,84.0,2.7
2016-11-20,16732.167,2.05,63.0,2.5
2016-11-21,17795.458,2.45,79.0,2.5
2016-11-22,17419.0,0.5,92.0,2.5
2016-11-23,16825.292,0.4499999999999999,97.0,2.5
2016-11-24,17588.083,1.25,93.0,3.5
2016-11-25,16912.375,4.45,90.0,5.3
2016-11-26,15868.167,5.7,84.0,10.0
2016-11-27,16547.792,1.7,83.0,4.3
2016-11-28,18624.667,0.6,88.0,7.9
2016-11-29,18471.75,3.65,81.0,5.4
2016-11-30,18418.167,2.7,87.0,9.3
2016-12-01,18256.792,1.25,93.0,3.3
2016-12-02,18502.417,1.65,83.0,6.1
2016-12-03,17951.625,1.0499999999999998,96.0,3.0
2016-12-04,17142.25,3.6,88.0,9.1
2016-12-05,17542.75,4.95,83.0,6.3
2016-12-06,18633.333,1.35,93.0,1.9
2016-12-07,17904.5,1.05,94.0,2.3
2016-12-08,16813.25,3.5,98.0,2.7
2016-12-09,16848.875,5.55,90.0,4.4
2016-12-10,16549.542,1.15,85.0,3.1
2016-12-11,17015.875,-2.35,86.0,2.2
2016-12-12,18761.667,-6.6,88.0,3.2
2016-12-13,18551.125,-0.7,91.0,4.8
2016-12-14,19330.875,0.3,97.0,2.8
2016-12-15,19369.583,-2.85,93.0,2.1
2016-12-16,18377.25,-1.7,98.0,1.5
2016-12-17,17334.833,-1.1,98.0,2.3
2016-12-18,17413.75,1.25,98.0,2.0
2016-12-19,17798.833,4.2,99.0,2.7
2016-12-20,17542.958,5.5,77.0,5.0
2016-12-21,17568.167,6.2,54.0,9.1
2016-12-22,17713.417,3.4,66.0,3.0
2016-12-23,17564.167,2.4,74.0,6.4
2016-12-24,16387.583,2.95,70.0,5.0
2016-12-25,15809.792,3.35,86.0,7.2
2016-12-26,16435.375,3.0,70.0,5.6
2016-12-27,17368.25,1.7,82.0,6.8
2016-12-28,17734.792,0.85,96.0,2.9
2016-12-29,17319.583,2.8,98.0,2.2
2016-12-30,16683.375,6.05,76.0,8.2
2016-12-31,15654.458,5.1,76.0,9.0
2017-01-01,16152.167,2.75,87.0,7.0
2017-01-02,19067.333,-0.35,93.0,3.4
2017-01-03,19295.083,-0.8999999999999999,88.0,3.2
2017-01-04,19963.333,-5.6,82.0,3.1
2017-01-05,21481.333,-11.8,80.0,3.8
2017-01-06,20607.75,-4.35,67.0,4.1
2017-01-07,18238.208,1.95,82.0,8.0
2017-01-08,18059.375,3.25,73.0,5.7
2017-01-09,18450.167,4.65,76.0,2.8
2017-01-10,18238.75,5.15,65.0,4.0
2017-01-11,18062.417,4.75,69.0,5.3
2017-01-12,18654.417,0.3,94.0,2.5
2017-01-13,19139.875,-1.85,90.0,3.9
2017-01-14,18578.25,-0.4,87.0,4.2
2017-01-15,19051.042,-0.7999999999999999,86.0,8.0
2017-01-16,20697.625,-0.65,90.0,2.7
2017-01-17,19856.042,-0.4,97.0,2.6
2017-01-18,18768.083,3.5,81.0,5.8
2017-01-19,18311.958,5.65,72.0,7.7
2017-01-20,17725.458,3.1,95.0,4.9
2017-01-21,17142.542,4.9,93.0,3.9
2017-01-22,17344.875,5.65,78.0,4.5
2017-01-23,18869.958,5.05,83.0,8.4
2017-01-24,19210.958,3.4,80.0,2.8
2017-01-25,18405.125,4.4,77.0,2.8
2017-01-26,18162.583,3.3,93.0,2.3
2017-01-27,18516.0,-0.85,97.0,1.6
2017-01-28,17571.542,0.7,70.0,2.9
2017-01-29,17289.042,3.95,66.0,2.3
2017-01-30,18559.958,1.85,93.0,3.2
2017-01-31,19131.958,-2.25,92.0,1.9
2017-02-01,19233.458,-3.65,84.0,2.0
2017-02-02,18948.833,-0.5,77.0,2.7
2017-02-03,18472.833,0.3,73.0,3.3
2017-02-04,17685.625,-1.25,72.0,4.4
2017-02-05,17572.875,1.1,61.0,5.5
2017-02-06,19055.667,2.2,58.0,6.2
2017-02-07,20291.333,-2.15,50.0,5.3
2017-02-08,21013.5,-6.25,44.0,5.8
2017-02-09,21228.333,-6.95,55.0,3.0
2017-02-10,20566.083,-5.0,54.0,4.2
2017-02-11,19208.375,-5.1,73.0,2.6
2017-02-12,18822.833,-4.75,77.0,3.9
2017-02-13,19629.292,3.3000000000000003,72.0,5.7
2017-02-14,19510.708,3.75,90.0,2.4
2017-02-15,19565.792,-0.35,87.0,2.4
2017-02-16,19003.708,0.4499999999999999,97.0,2.1
2017-02-17,18375.0,3.4,88.0,7.6
2017-02-18,17845.292,4.2,91.0,4.4
2017-02-19,16702.583,4.5,90.0,6.3
2017-02-20,17634.583,1.2,94.0,1.6
2017-02-21,17936.625,-1.75,86.0,2.8
2017-02-22,18217.417,0.0499999999999999,82.0,3.7
2017-02-23,18719.75,-2.05,86.0,5.2
2017-02-24,18917.708,-3.3,88.0,5.6
2017-02-25,18255.292,-1.4,74.0,4.4
2017-02-26,17199.542,-0.6,94.0,2.4
2017-02-27,17970.417,1.35,76.0,3.4
2017-02-28,17870.75,1.9,67.0,5.0
2017-03-01,18002.167,3.65,54.0,6.3
2017-03-02,18526.375,-1.85,78.0,2.5
2017-03-03,18394.417,-3.0,76.0,3.5
2017-03-04,17603.542,-1.25,58.0,6.2
2017-03-05,17766.625,-1.65,51.0,7.9
2017-03-06,19255.833,-2.75,49.0,6.5
2017-03-07,19591.333,-4.15,48.0,4.4
2017-03-08,19494.917,-4.5,58.0,3.0
2017-03-09,18608.25,-2.8,64.0,2.8
2017-03-10,17755.542,-0.0499999999999999,78.0,2.7
2017-03-11,16854.375,1.15,69.0,2.6
2017-03-12,16430.542,2.25,88.0,2.3
2017-03-13,17772.333,3.3,89.0,2.4
2017-03-14,17144.542,4.75,71.0,5.8
2017-03-15,16804.708,4.4,80.0,12.7
2017-03-16,17101.583,3.8,73.0,4.5
2017-03-17,16945.417,3.55,77.0,7.5
2017-03-18,16442.042,1.2,82.0,4.1
2017-03-19,16735.375,-0.2,59.0,4.6
2017-03-20,17458.625,3.9,52.0,5.4
2017-03-21,17061.333,5.65,60.0,6.8
2017-03-22,17159.625,3.0500000000000003,81.0,8.3
2017-03-23,17485.0,0.55,85.0,8.7
2017-03-24,17267.042,0.9,82.0,4.6
2017-03-25,15627.958,4.25,80.0,4.6
2017-03-26,14538.125,6.85,89.0,8.3
2017-03-27,15519.958,6.55,82.0,8.4
2017-03-28,15828.833,3.05,74.0,5.0
2017-03-29,16469.042,0.0,69.0,3.3
2017-03-30,17020.917,0.3,67.0,2.9
2017-03-31,16534.583,3.9,69.0,3.3
2017-04-01,14864.042,6.75,87.0,2.8
2017-04-02,14416.792,6.55,92.0,3.6
2017-04-03,15577.833,6.85,77.0,2.2
2017-04-04,15731.667,7.199999999999999,73.0,3.3
2017-04-05,15730.917,4.699999999999999,82.0,4.9
2017-04-06,16143.042,4.65,86.0,4.2
2017-04-07,15147.125,3.75,81.0,2.6
2017-04-08,14335.625,4.35,88.0,3.7
2017-04-09,14125.125,7.55,80.0,3.7
2017-04-10,15041.333,5.75,85.0,7.6
2017-04-11,15525.542,2.7,77.0,7.1
2017-04-12,15108.542,1.35,59.0,4.3
2017-04-13,14869.083,2.1500000000000004,58.0,4.2
2017-04-14,15028.25,2.05,67.0,2.2
2017-04-15,15235.167,1.75,58.0,4.1
2017-04-16,15063.042,2.2,51.0,3.2
2017-04-17,15475.333,2.75,52.0,2.9
2017-04-18,16421.208,2.3,57.0,3.3
2017-04-19,16361.5,3.3,64.0,3.5
2017-04-20,15881.875,5.35,80.0,8.1
2017-04-21,15552.833,3.9,84.0,11.8
2017-04-22,14923.542,2.4,86.0,6.9
2017-04-23,14827.917,2.0,80.0,8.7
2017-04-24,16278.583,1.6,62.0,3.2
2017-04-25,16177.833,2.85,65.0,2.8
2017-04-26,15896.917,2.6,79.0,5.0
2017-04-27,16104.583,2.1,85.0,2.1
2017-04-28,15904.833,2.35,58.0,4.5
2017-04-29,14443.208,5.35,45.0,5.4
2017-04-30,13820.083,4.699999999999999,64.0,4.5
2017-05-01,13714.833,6.550000000000001,62.0,3.1
2017-05-02,14028.917,6.75,62.0,3.4
2017-05-03,13635.708,5.7,68.0,3.6
2017-05-04,13624.458,6.1,63.0,3.7
2017-05-05,13252.583,9.6,63.0,3.3
2017-05-06,12038.25,9.25,81.0,4.1
2017-05-07,12337.208,6.0,61.0,5.2
2017-05-08,14344.917,4.25,61.0,5.8
2017-05-09,14789.375,3.2,74.0,3.3
2017-05-10,15422.375,3.3,49.0,4.6
2017-05-11,15196.458,6.050000000000001,49.0,4.0
2017-05-12,14170.917,7.45,46.0,2.6
2017-05-13,13050.833,9.55,48.0,3.4
2017-05-14,12649.833,11.45,53.0,3.9
2017-05-15,13463.083,11.55,55.0,5.1
2017-05-16,13710.167,11.35,56.0,7.1
2017-05-17,12188.458,12.55,71.0,2.5
2017-05-18,13163.875,12.75,79.0,3.5
2017-05-19,12920.667,11.65,76.0,3.8
2017-05-20,11995.208,11.3,63.0,3.5
2017-05-21,11971.792,12.65,83.0,5.0
2017-05-22,13260.5,8.6,90.0,5.2
2017-05-23,13259.625,8.95,75.0,2.0
2017-05-24,12870.167,9.2,86.0,3.7
2017-05-25,12224.333,9.5,88.0,3.7
2017-05-26,12276.208,9.7,91.0,1.6
2017-05-27,11390.042,12.0,88.0,2.2
2017-05-28,11293.333,13.2,87.0,2.6
2017-05-29,12569.208,10.75,67.0,4.2
2017-05-30,12874.042,8.95,72.0,6.1
2017-05-31,12936.917,7.6,71.0,7.9
2017-06-01,12933.625,6.6,77.0,9.4
2017-06-02,12903.667,8.1,52.0,3.5
2017-06-03,11969.375,11.35,74.0,2.5
2017-06-04,11575.042,11.45,84.0,4.9
2017-06-05,11594.25,11.25,75.0,5.6
2017-06-06,12269.792,12.3,65.0,4.1
2017-06-07,12138.792,17.799999999999997,45.0,8.6
2017-06-08,12410.0,17.95,49.0,7.5
2017-06-09,12314.917,17.200000000000003,52.0,5.7
2017-06-10,11463.833,16.9,74.0,3.4
2017-06-11,11459.125,15.7,82.0,2.6
2017-06-12,12432.25,14.15,92.0,6.3
2017-06-13,12234.0,12.6,88.0,4.9
2017-06-14,12329.75,12.95,80.0,3.9
2017-06-15,11972.292,14.75,69.0,3.1
2017-06-16,11844.333,15.7,83.0,5.7
2017-06-17,11300.958,13.6,78.0,1.9
2017-06-18,11115.833,13.2,86.0,5.6
2017-06-19,12299.625,11.75,83.0,4.6
2017-06-20,12407.417,10.35,82.0,9.1
2017-06-21,12531.75,9.65,81.0,9.8
2017-06-22,12523.958,11.25,65.0,2.5
2017-06-23,12258.792,13.85,78.0,3.7
2017-06-24,11276.167,13.9,73.0,3.9
2017-06-25,11207.875,12.1,70.0,4.2
2017-06-26,12281.875,11.4,83.0,11.0
2017-06-27,12380.458,9.65,76.0,7.7
2017-06-28,12206.25,10.7,64.0,2.6
2017-06-29,12162.417,13.85,60.0,3.8
2017-06-30,11754.292,19.4,38.0,4.3
2017-07-01,10956.417,19.4,61.0,5.9
2017-07-02,10860.792,13.95,88.0,2.5
2017-07-03,11935.833,12.3,73.0,5.1
2017-07-04,12241.875,11.3,78.0,5.9
2017-07-05,12128.958,10.6,71.0,4.5
2017-07-06,12179.333,10.55,67.0,3.2
2017-07-07,11917.0,13.3,73.0,4.3
2017-07-08,11016.417,13.6,87.0,3.9
2017-07-09,10926.792,12.55,80.0,2.8
2017-07-10,11633.208,14.25,70.0,3.5
2017-07-11,11718.5,13.15,84.0,1.7
2017-07-12,11624.125,11.85,83.0,6.4
2017-07-13,11739.25,11.4,75.0,8.9
2017-07-14,11689.0,10.8,79.0,6.8
2017-07-15,10993.708,11.9,66.0,3.7
2017-07-16,10615.5,15.55,78.0,3.8
2017-07-17,11478.583,11.4,78.0,4.5
2017-07-18,11482.917,11.85,84.0,8.5
2017-07-19,11352.958,12.0,79.0,2.9
2017-07-20,11165.708,13.65,65.0,3.9
2017-07-21,11190.458,18.9,57.0,4.7
2017-07-22,10685.0,18.4,76.0,3.5
2017-07-23,10338.625,17.35,71.0,4.1
2017-07-24,11172.875,18.5,54.0,4.6
2017-07-25,11194.833,16.9,75.0,2.5
2017-07-26,11214.458,16.45,77.0,2.8
2017-07-27,11278.125,19.2,65.0,4.4
2017-07-28,11202.5,19.4,66.0,3.6
2017-07-29,10812.875,16.95,74.0,3.3
2017-07-30,10682.5,15.6,77.0,3.7
2017-07-31,11405.0,16.15,80.0,3.5
2017-08-01,11547.917,14.7,80.0,2.6
2017-08-02,11389.125,13.95,88.0,2.6
2017-08-03,11712.167,15.1,71.0,3.1
2017-08-04,11402.417,17.25,69.0,4.2
2017-08-05,10925.25,15.6,79.0,3.3
2017-08-06,10894.917,15.85,79.0,4.6
2017-08-07,12064.25,15.55,87.0,3.1
2017-08-08,12106.708,14.45,78.0,3.6
2017-08-09,12278.667,14.6,73.0,3.2
2017-08-10,12048.75,15.5,80.0,3.1
2017-08-11,12009.458,15.05,79.0,2.5
2017-08-12,11284.25,14.85,82.0,5.1
2017-08-13,11361.542,11.45,74.0,7.4
2017-08-14,12409.5,12.15,67.0,5.1
2017-08-15,12584.208,12.85,72.0,3.5
2017-08-16,12223.542,14.85,87.0,2.7
2017-08-17,12374.625,14.55,63.0,4.6
2017-08-18,12163.208,17.549999999999997,64.0,3.8
2017-08-19,11290.5,15.8,80.0,3.8
2017-08-20,11278.5,13.9,88.0,7.0
2017-08-21,12292.625,12.3,80.0,3.8
2017-08-22,12619.833,10.75,83.0,2.6
2017-08-23,12507.875,10.4,86.0,2.5
2017-08-24,12679.875,10.5,81.0,3.4
2017-08-25,12419.542,9.5,83.0,4.6
2017-08-26,11803.292,10.7,78.0,3.8
2017-08-27,11558.917,10.25,78.0,2.7
2017-08-28,12598.875,12.3,77.0,3.8
2017-08-29,12479.375,14.25,84.0,2.9
2017-08-30,12589.458,12.2,78.0,4.2
2017-08-31,12669.75,12.6,80.0,3.4
2017-09-01,12558.625,12.3,80.0,4.4
2017-09-02,11743.792,11.5,80.0,2.7
2017-09-03,11537.5,12.05,66.0,2.9
2017-09-04,12622.875,14.45,57.0,5.5
2017-09-05,12720.458,15.1,60.0,6.8
2017-09-06,12682.167,15.05,67.0,5.5
2017-09-07,12850.458,14.2,60.0,4.6
2017-09-08,12900.5,12.45,60.0,5.4
2017-09-09,12089.583,12.8,64.0,4.7
2017-09-10,11816.958,12.95,85.0,2.4
2017-09-11,12764.958,13.95,61.0,4.5
2017-09-12,12831.5,15.75,59.0,3.6
2017-09-13,12923.625,13.75,83.0,2.5
2017-09-14,13184.542,11.55,88.0,2.3
2017-09-15,13044.958,11.65,88.0,4.5
2017-09-16,12240.458,11.4,83.0,4.9
2017-09-17,12172.0,10.2,89.0,1.5
2017-09-18,12978.375,10.1,93.0,1.5
2017-09-19,13146.375,10.45,73.0,3.9
2017-09-20,13402.167,9.65,58.0,6.3
2017-09-21,13630.25,10.85,58.0,6.5
2017-09-22,13404.708,12.85,56.0,4.0
2017-09-23,12460.917,13.25,69.0,2.8
2017-09-24,12131.792,14.85,65.0,5.7
2017-09-25,13018.167,15.65,67.0,4.1
2017-09-26,13114.958,15.2,54.0,4.0
2017-09-27,13056.583,14.25,63.0,4.9
2017-09-28,13315.708,14.1,56.0,5.3
2017-09-29,13457.583,13.95,55.0,6.2
2017-09-30,12627.292,13.65,55.0,6.5
2017-10-01,12660.458,13.25,54.0,6.5
2017-10-02,13593.042,13.75,58.0,8.1
2017-10-03,13711.167,13.25,62.0,3.2
2017-10-04,14153.25,10.55,77.0,6.3
2017-10-05,14405.708,9.15,84.0,5.2
2017-10-06,14083.167,8.9,83.0,6.3
2017-10-07,13525.167,5.85,88.0,4.4
2017-10-08,13455.417,5.0,94.0,2.5
2017-10-09,14805.375,6.0,81.0,3.4
2017-10-10,14960.167,5.4,69.0,5.2
2017-10-11,14868.333,6.75,71.0,4.3
2017-10-12,14481.625,7.050000000000001,91.0,2.3
2017-10-13,14722.417,6.6,81.0,4.6
2017-10-14,13347.917,8.5,86.0,3.1
2017-10-15,13206.125,9.85,71.0,4.2
2017-10-16,13926.292,10.1,77.0,8.0
2017-10-17,14279.125,6.45,87.0,2.6
2017-10-18,14565.125,7.5,82.0,7.2
2017-10-19,15468.458,5.1,90.0,3.1
2017-10-20,15373.292,4.35,67.0,5.9
2017-10-21,14393.083,8.600000000000001,54.0,5.7
2017-10-22,14374.875,7.6,62.0,5.0
2017-10-23,16005.583,6.25,52.0,8.5
2017-10-24,16248.208,6.1,55.0,8.9
2017-10-25,15660.625,6.699999999999999,69.0,4.8
2017-10-26,15499.792,6.55,91.0,4.4
2017-10-27,15452.417,7.5,85.0,6.7
2017-10-28,14503.792,6.300000000000001,86.0,6.6
2017-10-29,15032.072,3.35,86.0,6.3
2017-10-30,16911.125,1.75,91.0,4.7
2017-10-31,16482.125,4.75,87.0,6.2
2017-11-01,15906.833,7.35,94.0,2.2
2017-11-02,15881.958,5.9,80.0,5.2
2017-11-03,16236.542,4.95,64.0,3.7
2017-11-04,15163.75,4.55,87.0,3.1
2017-11-05,14829.167,3.15,91.0,2.4
2017-11-06,16637.917,3.4000000000000004,87.0,6.0
2017-11-07,17026.708,3.2,71.0,3.3
2017-11-08,16387.958,3.7,81.0,3.1
2017-11-09,16142.0,6.0,67.0,6.9
2017-11-10,16890.042,4.2,66.0,4.2
2017-11-11,16574.083,3.2,64.0,3.0
2017-11-12,16485.083,2.55,92.0,2.8
2017-11-13,17916.375,2.35,86.0,6.5
2017-11-14,18131.417,0.85,84.0,4.7
2017-11-15,17649.125,3.2,81.0,7.5
2017-11-16,17740.792,3.25,78.0,3.4
2017-11-17,17490.167,3.45,67.0,5.6
2017-11-18,17082.125,1.2999999999999998,68.0,2.7
2017-11-19,17297.542,-3.85,86.0,3.4
2017-11-20,19397.458,-7.4,83.0,4.2
2017-11-21,19936.0,-10.5,80.0,4.6
2017-11-22,20262.375,-6.1000000000000005,57.0,7.9
2017-11-23,18103.167,4.9,63.0,7.3
2017-11-24,18010.292,6.15,53.0,7.2
2017-11-25,17450.125,3.65,51.0,4.1
2017-11-26,17010.875,-0.4,80.0,2.3
2017-11-27,18930.292,-6.3,87.0,3.3
2017-11-28,19306.375,-9.55,87.0,3.8
2017-11-29,19520.708,-9.05,83.0,3.8
2017-11-30,20073.708,-7.4,86.0,3.6
2017-12-01,19990.833,-5.9,86.0,3.9
2017-12-02,18520.792,1.0,86.0,5.4
2017-12-03,17915.083,3.75,86.0,9.1
2017-12-04,19457.75,2.1,90.0,6.5
2017-12-05,18906.417,0.9,94.0,4.6
2017-12-06,18555.5,0.3,89.0,3.1
2017-12-07,17822.083,2.75,69.0,5.4
2017-12-08,18212.5,4.550000000000001,82.0,2.9
2017-12-09,17731.833,1.2999999999999998,87.0,4.6
2017-12-10,18621.125,-0.65,73.0,3.4
2017-12-11,19938.625,-3.9,72.0,3.7
2017-12-12,20400.292,-6.8,86.0,3.5
2017-12-13,20394.708,-4.25,85.0,3.0
2017-12-14,20270.25,-7.85,89.0,3.1
2017-12-15,20240.542,-9.75,90.0,2.7
2017-12-16,19672.125,-6.4,90.0,3.9
2017-12-17,19852.333,-0.7,69.0,3.5
2017-12-18,20190.667,1.1,85.0,4.9
2017-12-19,19795.625,2.6500000000000004,93.0,2.4
2017-12-20,18774.5,2.85,95.0,2.3
2017-12-21,19134.875,3.1,81.0,7.0
2017-12-22,18942.917,2.1,89.0,6.0
2017-12-23,17090.625,3.2,82.0,8.6
2017-12-24,17034.917,1.05,97.0,2.2
2017-12-25,17135.417,-0.35,97.0,1.7
2017-12-26,17421.5,-2.3,80.0,5.8
2017-12-27,18548.958,-3.65,63.0,6.3
2017-12-28,18848.583,-2.8,69.0,4.4
2017-12-29,18895.0,-1.75,76.0,3.8
2017-12-30,18656.875,-3.85,75.0,2.7
2017-12-31,18235.75,-6.1,69.0,3.6
2018-01-01,17493.042,-0.2999999999999999,71.0,3.4
2018-01-02,18935.292,0.6,90.0,3.3
2018-01-03,19610.708,-2.1,79.0,3.7
2018-01-04,19402.042,-1.65,68.0,4.3
2018-01-05,19660.917,-2.7,77.0,3.4
2018-01-06,19371.375,-6.1,89.0,4.4
2018-01-07,19512.75,-2.05,78.0,11.8
2018-01-08,20007.458,0.6,89.0,4.6
2018-01-09,20331.25,-3.25,82.0,3.9
2018-01-10,20389.25,-1.4500000000000002,42.0,3.7
2018-01-11,19861.917,2.85,50.0,3.7
2018-01-12,19863.375,0.6499999999999999,88.0,2.1
2018-01-13,19036.875,-4.7,71.0,2.7
2018-01-14,18904.917,-2.75,51.0,5.5
2018-01-15,20338.625,0.2499999999999999,52.0,8.2
2018-01-16,19670.583,1.55,54.0,7.7
2018-01-17,19652.833,1.9,56.0,5.6
2018-01-18,20224.875,-1.55,54.0,6.1
2018-01-19,20265.833,-5.05,66.0,3.0
2018-01-20,19320.458,-5.8,66.0,3.1
2018-01-21,19141.542,-8.15,80.0,3.4
2018-01-22,20793.292,-11.3,77.0,3.7
2018-01-23,20312.958,-5.5,67.0,4.1
2018-01-24,19170.667,3.4000000000000004,62.0,4.2
2018-01-25,18714.75,4.0,78.0,7.2
2018-01-26,19170.042,2.6,81.0,7.1
2018-01-27,19105.958,1.5,72.0,5.0
2018-01-28,18162.917,1.5,60.0,5.3
2018-01-29,19491.0,1.2000000000000002,79.0,2.6
2018-01-30,19652.833,0.0999999999999999,75.0,3.2
2018-01-31,19297.5,2.05,59.0,6.5
2018-02-01,19419.167,0.9000000000000001,58.0,7.6
2018-02-02,20700.167,-7.550000000000001,68.0,3.7
2018-02-03,20361.25,-10.45,62.0,4.2
2018-02-04,20265.375,-7.85,67.0,2.7
2018-02-05,21186.167,-3.6,89.0,2.4
2018-02-06,20978.833,-2.3,82.0,2.1
2018-02-07,20845.333,-3.5,89.0,2.6
2018-02-08,20524.667,-1.8,66.0,2.9
2018-02-09,19781.833,2.35,56.0,4.3
2018-02-10,18733.792,2.6,54.0,5.2
2018-02-11,18609.417,0.9,55.0,9.0
2018-02-12,19919.583,-0.1,56.0,5.8
2018-02-13,19930.5,-1.5499999999999998,74.0,2.7
2018-02-14,19402.25,0.5,50.0,5.2
2018-02-15,19743.625,2.6500000000000004,49.0,7.3
2018-02-16,19566.333,1.15,58.0,6.2
2018-02-17,18809.25,-1.6,95.0,2.0
2018-02-18,18322.875,-5.65,81.0,3.2
2018-02-19,19701.75,-7.4,74.0,3.2
2018-02-20,20056.583,-6.550000000000001,79.0,2.7
2018-02-21,20079.625,-4.6,90.0,2.6
2018-02-22,20079.5,-1.8,95.0,2.0
2018-02-23,19880.875,-1.05,88.0,3.1
2018-02-24,19081.667,-2.95,78.0,3.0
2018-02-25,19238.083,-4.65,66.0,5.1
2018-02-26,21132.708,-10.15,64.0,3.7
2018-02-27,21494.25,-11.5,62.0,4.3
2018-02-28,22105.667,-14.95,61.0,3.7
2018-03-01,22069.875,-14.65,55.0,3.5
2018-03-02,21650.792,-11.0,54.0,3.4
2018-03-03,20193.292,-5.4,67.0,3.1
2018-03-04,19358.0,-5.0,79.0,2.6
2018-03-05,20780.208,-5.9,60.0,5.3
2018-03-06,20673.292,-4.05,57.0,3.0
2018-03-07,20195.583,-6.6,79.0,1.8
2018-03-08,19906.917,-4.7,72.0,3.5
2018-03-09,19708.875,-1.35,64.0,3.6
2018-03-10,18709.375,-2.35,90.0,1.8
2018-03-11,18774.75,-2.35,74.0,3.2
2018-03-12,19561.708,-1.35,82.0,3.0
2018-03-13,19110.333,-1.9,84.0,2.0
2018-03-14,19257.125,-4.0,79.0,2.9
2018-03-15,19532.042,-6.6,60.0,5.0
2018-03-16,20237.708,-6.15,44.0,4.8
2018-03-17,19497.25,-6.95,53.0,4.1
2018-03-18,18983.625,-0.8500000000000001,76.0,10.7
2018-03-19,19337.042,1.35,84.0,8.0
2018-03-20,18735.167,0.25,86.0,4.3
2018-03-21,18582.708,2.2,88.0,4.6
2018-03-22,18214.333,2.45,85.0,4.9
2018-03-23,18367.458,2.9,67.0,4.1
2018-03-24,16714.958,5.15,60.0,2.5
2018-03-25,16297.0,3.25,77.0,3.5
2018-03-26,18030.292,-2.9000000000000004,66.0,2.9
2018-03-27,18392.042,-4.75,57.0,3.8
2018-03-28,18079.958,-3.8,44.0,3.7
2018-03-29,17390.458,-2.4000000000000004,44.0,3.2
2018-03-30,17237.625,-3.35,55.0,3.9
2018-03-31,17022.25,-4.15,52.0,3.6
2018-04-01,16650.917,-2.6,63.0,2.9
2018-04-02,17160.375,-1.05,72.0,3.3
2018-04-03,18543.167,-0.3,61.0,4.8
2018-04-04,18013.0,2.75,64.0,5.1
2018-04-05,17777.417,1.85,90.0,3.6
2018-04-06,16969.0,2.05,70.0,5.4
2018-04-07,16302.333,2.5,70.0,2.8
2018-04-08,16014.542,3.35,85.0,2.7
2018-04-09,17130.75,3.05,62.0,2.7
2018-04-10,16657.875,2.95,47.0,5.4
2018-04-11,16258.292,4.45,54.0,2.7
2018-04-12,15867.292,6.550000000000001,37.0,5.2
2018-04-13,15247.917,10.6,22.0,4.1
2018-04-14,13980.333,8.85,53.0,2.4
2018-04-15,13509.5,8.149999999999999,46.0,3.9
2018-04-16,14927.792,10.2,41.0,3.5
2018-04-17,16202.833,8.95,60.0,3.5
2018-04-18,15954.292,8.9,87.0,2.0
2018-04-19,16047.75,8.899999999999999,74.0,3.3
2018-04-20,14328.417,9.25,93.0,3.0
2018-04-21,11957.167,6.75,84.0,10.4
2018-04-22,13774.25,6.85,69.0,3.7
2018-04-23,15040.5,9.5,66.0,3.9
2018-04-24,15026.167,7.199999999999999,80.0,4.1
2018-04-25,14915.875,6.5,72.0,6.1
2018-04-26,14970.333,5.4,81.0,1.9
2018-04-27,14880.125,6.5,80.0,2.9
2018-04-28,14223.583,6.55,80.0,3.3
2018-04-29,13920.875,5.6,74.0,3.3
2018-04-30,14680.917,5.05,60.0,3.6
2018-05-01,14698.792,7.2,53.0,5.5
2018-05-02,14718.792,9.35,53.0,3.6
2018-05-03,14732.0,10.0,66.0,5.3
2018-05-04,14736.958,7.649999999999999,71.0,2.8
2018-05-05,13175.833,11.75,71.0,2.6
2018-05-06,12650.833,11.55,79.0,3.1
2018-05-07,13720.208,8.95,75.0,3.6
2018-05-08,13426.958,12.1,52.0,3.5
2018-05-09,12812.875,19.55,33.0,6.5
2018-05-10,12282.958,20.35,43.0,6.3
2018-05-11,12977.333,13.05,92.0,4.3
2018-05-12,12250.542,10.95,74.0,2.9
2018-05-13,11913.083,14.05,72.0,2.6
2018-05-14,12693.625,17.25,66.0,3.4
2018-05-15,12591.375,15.9,75.0,3.8
2018-05-16,12610.708,12.8,72.0,5.9
2018-05-17,12025.792,8.5,65.0,4.7
2018-05-18,12564.25,10.3,65.0,3.9
2018-05-19,11859.708,10.95,61.0,3.6
2018-05-20,11445.292,14.45,51.0,3.0
2018-05-21,11680.042,17.1,60.0,3.8
2018-05-22,12785.792,13.3,75.0,4.6
2018-05-23,12767.333,10.2,63.0,4.2
2018-05-24,12393.417,11.9,67.0,4.5
2018-05-25,12222.708,13.25,70.0,4.4
2018-05-26,11450.625,13.1,74.0,3.2
2018-05-27,11285.292,14.15,56.0,3.8
2018-05-28,12163.583,17.75,66.0,3.4
2018-05-29,12066.125,15.9,72.0,5.4
2018-05-30,11966.75,14.5,65.0,4.2
2018-05-31,11966.333,17.5,60.0,3.5
2018-06-01,11923.75,17.25,77.0,3.7
2018-06-02,11297.792,15.35,66.0,4.9
2018-06-03,11167.208,14.0,74.0,6.9
2018-06-04,12215.5,10.3,70.0,9.5
2018-06-05,12541.708,7.5,68.0,6.9
2018-06-06,12543.292,8.35,63.0,3.0
2018-06-07,12388.542,10.25,86.0,8.0
2018-06-08,12278.583,10.0,83.0,4.6
2018-06-09,11371.333,12.2,72.0,4.5
2018-06-10,11350.083,12.75,81.0,4.5
2018-06-11,12423.958,11.05,80.0,4.1
2018-06-12,12630.667,9.65,74.0,4.8
2018-06-13,12542.25,10.55,70.0,2.4
2018-06-14,12336.25,15.25,60.0,6.3
2018-06-15,12132.667,15.7,61.0,3.6
2018-06-16,11417.792,12.9,66.0,3.5
2018-06-17,11379.583,13.5,70.0,3.8
2018-06-18,12395.792,14.75,74.0,3.3
2018-06-19,12443.833,12.5,74.0,6.3
2018-06-20,12717.458,11.3,66.0,6.5
2018-06-21,12774.917,10.3,78.0,5.6
2018-06-22,12568.167,9.45,85.0,12.0
2018-06-23,11903.042,9.3,87.0,6.7
2018-06-24,11435.792,11.25,84.0,2.6
2018-06-25,12337.833,12.6,88.0,3.0
2018-06-26,12358.0,13.0,74.0,4.0
2018-06-27,12276.167,14.25,70.0,3.4
2018-06-28,12261.333,13.55,85.0,7.6
2018-06-29,12068.458,10.35,77.0,6.1
2018-06-30,11296.917,11.05,69.0,3.1
2018-07-01,10983.25,14.7,63.0,4.4
2018-07-02,11677.542,16.200000000000003,68.0,5.0
2018-07-03,11848.833,15.05,69.0,3.3
2018-07-04,11922.875,13.95,67.0,2.8
2018-07-05,11871.875,14.15,76.0,5.9
2018-07-06,11704.708,14.15,69.0,4.4
2018-07-07,11049.75,13.1,71.0,3.9
2018-07-08,10829.667,12.9,73.0,4.1
2018-07-09,11687.417,13.45,80.0,2.7
2018-07-10,11598.792,14.5,70.0,4.1
2018-07-11,11576.333,17.5,74.0,3.8
2018-07-12,11475.292,17.55,81.0,4.9
2018-07-13,11543.667,15.6,75.0,5.2
2018-07-14,10857.583,14.9,77.0,3.1
2018-07-15,10669.583,16.4,68.0,4.1
2018-07-16,11305.667,20.1,69.0,4.0
2018-07-17,11220.333,19.9,74.0,3.3
2018-07-18,11195.667,21.5,67.0,3.7
2018-07-19,11151.292,18.15,79.0,3.6
2018-07-20,11225.208,16.05,82.0,3.3
2018-07-21,10685.292,16.95,79.0,4.2
2018-07-22,10525.125,17.0,74.0,4.8
2018-07-23,11344.417,17.45,78.0,2.5
2018-07-24,11328.042,17.8,78.0,4.0
2018-07-25,11134.167,17.1,87.0,4.3
2018-07-26,11234.542,16.95,66.0,3.4
2018-07-27,11120.833,24.450000000000003,46.0,4.4
2018-07-28,10526.417,27.5,50.0,6.9
2018-07-29,10281.917,24.75,70.0,5.2
2018-07-30,11270.25,22.75,45.0,4.9
2018-07-31,11359.25,24.75,53.0,3.6
2018-08-01,11303.083,22.200000000000003,70.0,4.4
2018-08-02,11477.292,15.95,84.0,2.9
2018-08-03,11336.708,15.9,85.0,2.7
2018-08-04,10760.625,16.6,80.0,4.2
2018-08-05,10495.083,14.1,85.0,5.7
2018-08-06,11789.875,13.25,75.0,5.2
2018-08-07,11860.417,15.05,68.0,2.5
2018-08-08,11952.042,19.7,66.0,3.3
2018-08-09,11808.25,18.2,79.0,3.8
2018-08-10,11793.0,15.0,93.0,3.9
2018-08-11,11069.333,13.75,76.0,8.4
2018-08-12,11350.25,11.9,81.0,6.4
2018-08-13,12413.167,12.55,82.0,4.2
2018-08-14,12379.083,11.85,77.0,3.6
2018-08-15,12268.125,13.8,76.0,3.2
2018-08-16,12181.25,17.4,83.0,3.1
2018-08-17,11849.333,15.65,82.0,3.1
2018-08-18,11338.667,13.9,80.0,3.7
2018-08-19,11323.042,13.15,80.0,7.4
2018-08-20,12546.167,11.4,85.0,6.1
2018-08-21,12578.375,11.1,77.0,5.0
2018-08-22,12592.125,12.6,78.0,3.9
2018-08-23,12421.833,13.4,70.0,2.9
2018-08-24,12432.917,14.3,75.0,3.6
2018-08-25,11827.417,11.95,81.0,3.1
2018-08-26,11642.583,10.85,78.0,2.3
2018-08-27,12951.667,9.6,81.0,3.2
2018-08-28,12779.083,12.5,83.0,2.3
2018-08-29,12800.458,15.85,60.0,6.2
2018-08-30,12509.542,14.1,82.0,4.1
2018-08-31,12588.333,12.1,72.0,2.5
2018-09-01,11930.833,13.1,68.0,2.9
2018-09-02,11485.083,15.0,76.0,2.5
2018-09-03,12565.583,16.35,81.0,3.7
2018-09-04,12733.417,13.0,92.0,1.8
2018-09-05,12775.542,12.05,88.0,2.6
2018-09-06,12851.917,14.75,72.0,3.4
2018-09-07,12535.583,16.6,62.0,4.4
2018-09-08,11775.292,16.35,70.0,3.9
2018-09-09,11652.625,16.55,61.0,5.4
2018-09-10,12511.417,15.95,72.0,4.2
2018-09-11,12804.417,12.65,70.0,3.1
2018-09-12,13201.125,12.55,74.0,7.1
2018-09-13,13390.167,11.5,71.0,5.2
2018-09-14,13299.917,10.85,75.0,2.8
2018-09-15,12623.0,10.55,72.0,7.7
2018-09-16,12678.167,10.65,69.0,5.2
2018-09-17,13543.458,11.05,80.0,2.6
2018-09-18,13059.417,11.55,85.0,3.2
2018-09-19,12959.0,15.85,69.0,3.6
2018-09-20,13318.958,15.35,53.0,5.0
2018-09-21,13493.917,10.55,72.0,3.5
2018-09-22,12866.0,9.85,82.0,11.0
2018-09-23,13074.667,7.75,82.0,10.8
2018-09-24,14687.208,5.85,79.0,9.0
2018-09-25,14888.917,7.4,75.0,5.7
2018-09-26,14059.375,8.95,80.0,11.3
2018-09-27,14839.708,7.65,82.0,5.5
2018-09-28,15043.958,5.5,85.0,7.1
2018-09-29,14111.083,6.4,73.0,4.2
2018-09-30,13597.917,7.6,85.0,6.0
2018-10-01,14981.083,6.4,82.0,4.6
2018-10-02,15482.292,4.199999999999999,85.0,2.5
2018-10-03,15494.5,4.85,86.0,3.5
2018-10-04,15668.542,5.550000000000001,81.0,2.9
2018-10-05,14840.417,7.7,63.0,6.0
2018-10-06,14531.917,6.7,87.0,4.9
2018-10-07,14547.375,3.8,74.0,4.0
2018-10-08,14850.542,7.4,75.0,5.1
2018-10-09,14472.5,6.9,93.0,2.4
2018-10-10,14125.333,8.7,86.0,2.9
2018-10-11,14108.625,9.9,73.0,3.0
2018-10-12,14088.25,14.95,57.0,4.6
2018-10-13,13106.625,15.85,74.0,6.2
2018-10-14,12782.25,15.6,74.0,6.8
2018-10-15,14435.958,10.1,88.0,3.0
2018-10-16,15053.75,7.2,69.0,3.1
2018-10-17,14437.958,10.6,75.0,2.5
2018-10-18,14832.75,8.350000000000001,79.0,6.6
2018-10-19,15421.25,7.75,84.0,3.5
2018-10-20,14690.5,7.6,83.0,2.4
2018-10-21,13841.875,8.399999999999999,86.0,4.1
2018-10-22,15349.042,5.8,83.0,6.7
2018-10-23,15549.458,3.9,86.0,6.6
2018-10-24,16160.75,4.2,84.0,8.6
2018-10-25,16092.292,3.5,92.0,4.3
2018-10-26,16810.583,2.7,93.0,1.7
2018-10-27,16484.625,-0.9,87.0,2.4
2018-10-28,16904.855,-3.2,82.0,3.5
2018-10-29,18413.333,-1.85,58.0,5.1
2018-10-30,18303.375,1.4,65.0,5.2
2018-10-31,17024.292,5.4,78.0,4.2
2018-11-01,16654.625,5.6,70.0,5.2
2018-11-02,16126.833,7.7,77.0,4.6
2018-11-03,15668.833,4.85,78.0,3.5
2018-11-04,14669.292,8.6,60.0,4.1
2018-11-05,15910.333,8.75,66.0,2.7
2018-11-06,15987.583,3.7,85.0,3.6
2018-11-07,15860.125,1.85,92.0,2.4
2018-11-08,15927.208,3.75,82.0,3.0
2018-11-09,15844.333,3.05,94.0,2.4
2018-11-10,14941.417,4.85,70.0,5.9
2018-11-11,14233.292,10.2,62.0,6.1
2018-11-12,15194.292,10.1,78.0,3.7
2018-11-13,15553.083,5.35,93.0,2.3
2018-11-14,16383.792,2.15,83.0,3.0
2018-11-15,15413.125,6.15,77.0,2.7
2018-11-16,15286.792,9.2,76.0,2.0
2018-11-17,15029.167,7.0,98.0,1.5
2018-11-18,15634.292,2.9,91.0,3.2
2018-11-19,17804.333,-1.85,91.0,2.7
2018-11-20,18179.667,-2.45,94.0,2.9
2018-11-21,18262.333,-2.25,84.0,3.9
2018-11-22,18869.083,-3.9,84.0,3.5
2018-11-23,19303.125,-1.05,95.0,1.9
2018-11-24,18287.167,0.15,99.0,1.7
2018-11-25,18208.042,0.95,92.0,4.0
2018-11-26,19791.292,1.8,90.0,3.9
2018-11-27,20276.458,-1.5,91.0,3.6
2018-11-28,20157.083,-4.949999999999999,74.0,4.6
2018-11-29,18599.917,1.95,57.0,6.2
2018-11-30,17159.375,7.55,57.0,6.9
2018-12-01,16089.0,8.0,55.0,5.8
2018-12-02,16045.167,6.15,58.0,5.0
2018-12-03,16767.0,3.35,85.0,2.8
2018-12-04,17853.833,2.5,85.0,10.4
2018-12-05,19000.125,1.5,85.0,6.9
2018-12-06,19453.875,-1.4,88.0,3.6
2018-12-07,19213.208,-3.05,85.0,2.8
2018-12-08,17948.167,-0.7000000000000001,89.0,2.5
2018-12-09,17833.042,0.15,95.0,2.8
2018-12-10,18825.5,1.3,86.0,4.5
2018-12-11,19189.542,1.3,94.0,2.7
2018-12-12,20229.5,-5.1,90.0,3.5
2018-12-13,20790.25,-10.5,86.0,3.8
2018-12-14,21282.833,-13.2,85.0,3.6
2018-12-15,20024.0,-12.3,77.0,3.9
2018-12-16,19207.417,-2.5,58.0,6.0
2018-12-17,20110.042,-1.15,75.0,3.1
2018-12-18,20470.333,-5.300000000000001,76.0,4.1
2018-12-19,19614.792,-1.6,59.0,6.7
2018-12-20,18865.667,3.3,60.0,8.1
2018-12-21,18866.333,1.25,59.0,6.2
2018-12-22,18590.5,-1.15,61.0,4.1
2018-12-23,18545.542,-4.05,76.0,3.2
2018-12-24,18857.042,-1.2,86.0,6.0
2018-12-25,17313.625,4.5,84.0,11.0
2018-12-26,17175.292,5.1,91.0,5.3
2018-12-27,17511.417,4.65,90.0,3.8
2018-12-28,18111.625,4.05,92.0,3.5
2018-12-29,17636.125,3.9,85.0,6.8
2018-12-30,17788.75,2.05,92.0,3.5
2018-12-31,17506.75,3.3,77.0,5.4
2019-01-01,17133.792,4.15,79.0,7.7
2019-01-02,18994.0,1.5499999999999998,90.0,6.8
2019-01-03,19064.708,3.2,92.0,7.8
2019-01-04,17849.833,6.2,94.0,8.1
2019-01-05,16722.167,5.75,97.0,2.9
2019-01-06,16800.417,5.3,94.0,4.5
2019-01-07,18741.333,3.6,81.0,4.3
2019-01-08,18836.542,1.5,88.0,3.7
2019-01-09,19022.208,1.2,85.0,4.7
2019-01-10,18926.583,2.6,88.0,7.4
2019-01-11,18584.333,3.5,86.0,15.6
2019-01-12,18372.333,1.7000000000000002,94.0,3.6
2019-01-13,18222.083,0.3,89.0,7.6
2019-01-14,20081.75,-0.6,84.0,7.7
2019-01-15,20147.833,-3.1,90.0,3.6
2019-01-16,20243.583,-8.25,88.0,3.3
2019-01-17,20808.208,-5.9,90.0,4.0
2019-01-18,20775.0,-2.25,92.0,6.4
2019-01-19,19406.958,-1.25,88.0,7.0
2019-01-20,19543.417,-4.25,92.0,2.9
2019-01-21,20798.75,-9.25,90.0,2.9
2019-01-22,20995.458,-10.0,89.0,3.0
2019-01-23,20558.958,-11.35,84.0,3.0
2019-01-24,20464.167,-9.85,82.0,2.9
2019-01-25,20393.167,-6.6,75.0,4.0
2019-01-26,19609.917,-4.25,55.0,7.1
2019-01-27,19733.667,-4.65,54.0,6.5
2019-01-28,21102.042,-4.85,61.0,3.9
2019-01-29,21624.458,-6.949999999999999,69.0,3.0
2019-01-30,21581.292,-6.6,66.0,3.2
2019-01-31,21209.917,-1.7000000000000002,51.0,5.6
2019-02-01,20203.917,-1.7,57.0,4.6
2019-02-02,19698.75,-4.2,61.0,5.6
2019-02-03,19445.917,-7.199999999999999,67.0,3.5
2019-02-04,20996.75,-8.55,81.0,2.3
2019-02-05,20518.5,-12.4,82.0,3.3
2019-02-06,20816.75,-9.45,79.0,3.0
2019-02-07,20272.0,-0.6499999999999999,65.0,2.9
2019-02-08,,0.8,86.0,3.1
2019-02-09,,0.85,76.0,3.3
2019-02-10,,0.7,92.0,3.9
2019-02-11,17541.0,0.4,90.0,6.9
2019-02-12,19308.417,0.2499999999999999,86.0,5.0
2019-02-13,17790.375,3.35,82.0,8.3
2019-02-14,17832.958,5.0,72.0,7.0
2019-02-15,17338.875,4.8,94.0,2.5
2019-02-16,16971.0,2.85,83.0,6.4
2019-02-17,16910.292,2.6,73.0,3.3
2019-02-18,17534.083,5.55,59.0,3.5
2019-02-19,17425.292,5.300000000000001,71.0,4.0
2019-02-20,18200.833,1.7,75.0,3.4
2019-02-21,18336.292,0.9,76.0,5.5
2019-02-22,17904.417,1.75,87.0,2.7
2019-02-23,16327.542,2.35,95.0,1.8
2019-02-24,16083.208,3.75,79.0,9.2
2019-02-25,17510.708,6.35,81.0,7.1
2019-02-26,17059.583,6.300000000000001,77.0,3.5
2019-02-27,17465.083,5.65,74.0,11.1
2019-02-28,17522.083,3.85,91.0,9.0
2019-03-01,17826.292,1.7,83.0,6.8
2019-03-02,17279.833,1.35,92.0,5.3
2019-03-03,16812.75,0.15,75.0,5.0
2019-03-04,18103.875,-1.35,72.0,3.6
2019-03-05,19044.417,-6.35,69.0,4.2
2019-03-06,19191.292,-7.8,68.0,4.1
2019-03-07,18700.917,-4.199999999999999,79.0,3.8
2019-03-08,18513.042,-1.55,81.0,6.4
2019-03-09,18000.167,-1.65,75.0,5.5
2019-03-10,17807.958,-6.0,76.0,2.8
2019-03-11,19179.667,-5.2,76.0,3.2
2019-03-12,19600.833,-2.7,58.0,7.4
2019-03-13,18660.583,-0.6000000000000001,69.0,5.8
2019-03-14,18672.375,0.0999999999999999,85.0,1.7
2019-03-15,18263.583,0.8,70.0,2.5
2019-03-16,17129.458,-0.75,73.0,2.6
2019-03-17,17080.583,0.25,68.0,4.9
2019-03-18,17843.583,1.35,72.0,5.3
2019-03-19,17656.083,3.25,60.0,3.7
2019-03-20,16796.875,4.45,85.0,5.6
2019-03-21,16314.167,4.6,69.0,8.2
2019-03-22,17059.417,4.7,54.0,6.8
2019-03-23,16032.208,5.1,80.0,9.8
2019-03-24,16236.042,1.7999999999999998,91.0,3.7
2019-03-25,17106.792,-0.5,85.0,6.8
2019-03-26,17283.708,1.65,84.0,5.0
2019-03-27,16469.167,3.55,87.0,4.9
2019-03-28,16076.792,5.949999999999999,71.0,4.9
2019-03-29,15715.792,7.15,84.0,6.9
2019-03-30,15537.125,2.2,90.0,5.9
2019-03-31,15728.917,0.5,88.0,8.3
2019-04-01,17105.958,1.2,77.0,2.2
2019-04-02,16603.458,3.0,52.0,3.4
2019-04-03,16637.167,5.25,53.0,3.2
2019-04-04,15939.292,4.6,68.0,3.4
2019-04-05,15402.542,6.4,56.0,6.5
2019-04-06,14878.417,5.1,57.0,5.1
2019-04-07,14841.875,4.800000000000001,64.0,4.5
2019-04-08,16168.25,2.0,60.0,3.2
2019-04-09,16509.625,0.7000000000000001,52.0,3.7
2019-04-10,16709.0,-0.8500000000000001,51.0,3.6
2019-04-11,16864.333,-0.3,46.0,3.4
2019-04-12,16478.042,0.65,55.0,3.6
2019-04-13,15193.167,1.4500000000000002,59.0,3.9
2019-04-14,14765.792,2.3,49.0,3.8
2019-04-15,15378.5,3.3,48.0,3.7
2019-04-16,15094.0,6.3,37.0,4.1
2019-04-17,14401.0,9.15,43.0,3.8
2019-04-18,13120.333,8.05,54.0,2.7
2019-04-19,12687.625,9.55,53.0,3.0
2019-04-20,12354.0,9.8,58.0,3.0
2019-04-21,12118.833,9.8,83.0,1.9
2019-04-22,12303.417,10.35,64.0,2.7
2019-04-23,13173.25,12.7,49.0,4.2
2019-04-24,13251.5,15.45,34.0,5.5
2019-04-25,13212.875,15.5,33.0,6.1
2019-04-26,13125.25,15.8,46.0,5.5
2019-04-27,12227.208,16.1,42.0,5.4
2019-04-28,12227.25,16.25,42.0,3.9
2019-04-29,13149.333,13.1,73.0,3.8
2019-04-30,12801.833,10.4,87.0,3.4
2019-05-01,12498.417,7.2,87.0,4.4
2019-05-02,14017.417,3.95,74.0,5.1
2019-05-03,14880.333,2.4,68.0,4.1
2019-05-04,13984.208,3.5,81.0,8.6
2019-05-05,13991.292,2.9,89.0,5.0
2019-05-06,15267.167,2.3,76.0,4.2
2019-05-07,15116.25,3.05,78.0,5.8
2019-05-08,14716.958,4.4,64.0,4.3
2019-05-09,14898.417,5.949999999999999,58.0,5.8
2019-05-10,14225.833,9.8,62.0,5.5
2019-05-11,13203.708,7.2,85.0,5.7
2019-05-12,13297.375,5.35,65.0,7.1
2019-05-13,14219.333,4.949999999999999,77.0,5.1
2019-05-14,13863.667,5.65,83.0,2.3
2019-05-15,13405.875,9.35,84.0,2.2
2019-05-16,12688.167,10.3,82.0,3.8
2019-05-17,11085.875,12.4,65.0,3.2
2019-05-18,11527.417,16.75,44.0,4.7
2019-05-19,11518.875,16.5,65.0,3.8
2019-05-20,12492.542,15.05,67.0,2.8
2019-05-21,12462.833,16.15,70.0,2.6
2019-05-22,12339.708,18.15,65.0,3.9
2019-05-23,12648.542,16.8,82.0,5.4
2019-05-24,12897.0,12.25,72.0,5.2
2019-05-25,12258.042,10.75,70.0,5.3
2019-05-26,12153.958,8.3,68.0,4.7
2019-05-27,13383.625,7.5,70.0,3.8
2019-05-28,13553.292,6.6,74.0,4.2
2019-05-29,13498.333,5.55,75.0,5.9
2019-05-30,12936.792,5.95,82.0,5.2
2019-05-31,13087.542,5.9,86.0,8.4
2019-06-01,12284.375,7.8,72.0,4.4
2019-06-02,12081.583,10.85,68.0,2.4
2019-06-03,12900.417,15.0,64.0,4.0
2019-06-04,12773.833,14.3,77.0,3.6
2019-06-05,13006.333,13.55,73.0,3.6
2019-06-06,12544.083,16.95,69.0,3.2
2019-06-07,12287.875,17.8,81.0,4.7
2019-06-08,11310.667,14.45,77.0,2.7
2019-06-09,11065.292,16.75,73.0,3.8
2019-06-10,11516.0,13.1,78.0,3.3
2019-06-11,12560.208,12.8,64.0,2.7
2019-06-12,12738.875,14.15,60.0,4.4
2019-06-13,12678.167,14.25,70.0,5.3
2019-06-14,12414.625,15.3,73.0,3.6
2019-06-15,11581.167,15.9,72.0,2.5
2019-06-16,11386.667,16.950000000000003,75.0,4.9
2019-06-17,12365.667,15.55,75.0,3.9
2019-06-18,12460.417,14.75,75.0,4.1
2019-06-19,12572.5,14.85,68.0,3.2
2019-06-20,12495.083,16.5,76.0,3.7
2019-06-21,12199.583,14.1,82.0,4.4
2019-06-22,11617.5,11.9,74.0,6.3
2019-06-23,11571.333,11.65,76.0,6.0
2019-06-24,12643.875,12.9,64.0,2.8
2019-06-25,12698.0,14.0,80.0,3.7
2019-06-26,12385.542,13.2,74.0,7.1
2019-06-27,12340.417,11.45,84.0,8.0
2019-06-28,12388.458,11.1,87.0,5.4
2019-06-29,11444.75,12.2,91.0,5.7
2019-06-30,11238.0,12.5,91.0,3.9
2019-07-01,12020.5,12.2,87.0,5.7
2019-07-02,12347.875,9.0,75.0,7.7
2019-07-03,12590.5,8.1,81.0,6.4
2019-07-04,12590.958,7.85,84.0,4.9
2019-07-05,12535.875,9.45,86.0,8.2
2019-07-06,11619.292,10.3,82.0,3.0
2019-07-07,11507.5,11.2,83.0,2.7
2019-07-08,12140.542,10.85,92.0,5.2
2019-07-09,12050.667,12.1,86.0,3.3
2019-07-10,11878.667,12.6,84.0,2.8
2019-07-11,11835.125,12.9,80.0,3.6
2019-07-12,11601.208,13.15,79.0,3.8
2019-07-13,10880.833,12.8,76.0,3.9
2019-07-14,10834.792,12.15,74.0,4.6
2019-07-15,11629.167,10.95,89.0,4.7
2019-07-16,11583.917,11.45,79.0,4.0
2019-07-17,11392.375,12.4,75.0,3.3
2019-07-18,11407.25,16.6,64.0,3.1
2019-07-19,11194.333,19.55,64.0,5.0
2019-07-20,10651.083,18.5,62.0,3.4
2019-07-21,10364.958,20.15,70.0,4.4
2019-07-22,11160.917,17.55,73.0,3.1
2019-07-23,10983.917,19.2,73.0,3.1
2019-07-24,10892.167,20.75,74.0,2.6
2019-07-25,10894.292,22.8,73.0,3.7
2019-07-26,10960.625,22.3,76.0,2.9
2019-07-27,10313.583,25.200000000000003,61.0,3.3
2019-07-28,10302.708,25.65,61.0,3.1
2019-07-29,11290.292,26.05,54.0,4.3
2019-07-30,11210.792,20.75,53.0,7.4
2019-07-31,11424.5,17.5,48.0,5.3
2019-08-01,11460.083,16.8,69.0,4.2
2019-08-02,11484.917,15.2,72.0,4.8
2019-08-03,10704.042,14.4,70.0,3.4
2019-08-04,10625.417,14.0,71.0,4.1
2019-08-05,11784.917,13.55,74.0,2.2
2019-08-06,11791.417,12.05,77.0,4.2
2019-08-07,11673.875,14.25,83.0,4.7
2019-08-08,11752.958,15.75,87.0,5.2
2019-08-09,11858.0,15.7,81.0,4.1
2019-08-10,10986.917,18.700000000000003,61.0,5.7
2019-08-11,10458.75,19.55,68.0,4.4
2019-08-12,11680.208,16.65,93.0,6.1
2019-08-13,11932.917,12.5,86.0,6.3
2019-08-14,12197.042,12.0,74.0,3.3
2019-08-15,12345.458,12.8,66.0,3.4
2019-08-16,12021.042,15.5,72.0,3.0
2019-08-17,11241.458,15.65,71.0,5.4
2019-08-18,11119.667,16.85,71.0,3.3
2019-08-19,12155.0,14.75,73.0,3.0
2019-08-20,12297.583,14.0,83.0,3.3
2019-08-21,12401.833,13.3,75.0,4.6
2019-08-22,12544.125,12.4,72.0,4.0
2019-08-23,12492.958,14.35,80.0,3.0
2019-08-24,11289.875,14.95,79.0,2.1
2019-08-25,11120.292,16.5,85.0,2.5
2019-08-26,12084.583,16.0,82.0,2.2
2019-08-27,12036.208,17.15,77.0,2.3
2019-08-28,11909.625,19.75,65.0,4.0
2019-08-29,11919.5,19.75,82.0,4.0
2019-08-30,11908.958,15.65,70.0,4.7
2019-08-31,11286.542,18.55,66.0,5.1
2019-09-01,11164.542,18.05,70.0,5.4
2019-09-02,12549.667,12.4,74.0,3.2
2019-09-03,12516.833,9.5,80.0,4.0
2019-09-04,12973.0,10.75,71.0,3.1
2019-09-05,12893.375,11.05,88.0,7.4
2019-09-06,13167.625,9.85,74.0,3.3
2019-09-07,12388.417,9.7,86.0,2.3
2019-09-08,12291.5,8.95,77.0,3.2
2019-09-09,12992.0,12.15,68.0,4.4
2019-09-10,12801.417,15.25,75.0,3.4
2019-09-11,12688.625,16.95,67.0,4.6
2019-09-12,12795.917,13.25,84.0,4.1
2019-09-13,12905.667,9.95,79.0,8.2
2019-09-14,12740.75,9.0,81.0,6.3
2019-09-15,12201.333,9.4,87.0,5.3
2019-09-16,13438.75,9.7,81.0,9.5
2019-09-17,13749.042,8.25,81.0,6.0
2019-09-18,13693.458,8.35,84.0,6.3
2019-09-19,14212.125,7.0,90.0,3.2
2019-09-20,13576.292,8.15,88.0,7.0
2019-09-21,12320.0,11.75,87.0,7.2
2019-09-22,12226.292,10.75,83.0,3.6
2019-09-23,13457.333,9.7,79.0,3.3
2019-09-24,13498.208,8.95,86.0,2.8
2019-09-25,13469.875,8.65,76.0,3.3
2019-09-26,13430.208,9.25,67.0,4.1
2019-09-27,13504.083,11.85,60.0,5.9
2019-09-28,12424.75,13.05,66.0,4.7
2019-09-29,12428.083,10.7,89.0,3.4
2019-09-30,14079.0,5.5,91.0,2.9
2019-10-01,14255.292,1.65,94.0,3.0
2019-10-02,14267.542,4.4,89.0,2.2
2019-10-03,14893.417,5.75,76.0,4.7
2019-10-04,15171.0,3.5500000000000003,64.0,4.1
2019-10-05,14713.833,0.6,70.0,3.0
2019-10-06,14567.375,0.35,72.0,3.0
2019-10-07,15698.792,2.55,82.0,3.3
2019-10-08,15788.708,3.6,67.0,4.1
2019-10-09,15305.0,6.4,63.0,4.7
2019-10-10,14841.75,4.15,84.0,2.9
2019-10-11,14791.833,3.6,92.0,2.9
2019-10-12,13885.25,4.05,92.0,2.9
2019-10-13,13969.625,4.199999999999999,87.0,3.4
2019-10-14,15186.708,1.7,86.0,3.4
2019-10-15,15464.875,1.2,83.0,3.0
2019-10-16,15583.083,5.15,72.0,5.5
2019-10-17,15438.917,8.25,64.0,4.3
2019-10-18,15168.208,8.1,85.0,1.7
2019-10-19,14622.125,5.949999999999999,82.0,2.4
2019-10-20,14865.708,4.9,68.0,3.7
2019-10-21,16396.833,4.1,80.0,2.5
2019-10-22,15698.167,7.7,64.0,9.8
2019-10-23,15376.125,7.0,86.0,2.4
2019-10-24,15230.625,8.0,69.0,2.7
2019-10-25,14995.042,8.15,85.0,6.0
2019-10-26,15027.208,1.7,92.0,2.9
2019-10-27,15343.594,0.4,91.0,3.2
2019-10-28,16778.583,2.9,85.0,5.5
2019-10-29,17287.542,4.15,86.0,5.6
2019-10-30,17525.917,4.6,83.0,7.3
2019-10-31,16914.417,4.75,89.0,4.8
2019-11-01,17135.542,3.6,89.0,2.1
2019-11-02,16487.5,1.2,95.0,2.1
2019-11-03,16732.875,-2.45,89.0,3.3
2019-11-04,18089.792,-5.6,71.0,4.4
2019-11-05,18889.042,-6.5,74.0,3.6
2019-11-06,19289.75,-5.9,66.0,2.8
2019-11-07,19419.542,-3.9,74.0,2.3
2019-11-08,19582.75,-5.25,76.0,2.9
2019-11-09,18575.0,-5.6,76.0,2.7
2019-11-10,18368.833,-4.800000000000001,72.0,3.3
2019-11-11,19908.083,-3.75,62.0,3.7
2019-11-12,19063.042,-1.9,71.0,3.5
2019-11-13,18309.75,2.95,69.0,2.1
2019-11-14,18404.5,-1.35,87.0,2.7
2019-11-15,18244.458,-4.25,81.0,3.5
2019-11-16,17489.083,-2.0,75.0,3.6
2019-11-17,16972.875,2.55,73.0,3.2
2019-11-18,18347.667,1.7,84.0,3.5
2019-11-19,17657.375,2.5,97.0,2.0
2019-11-20,18196.75,0.5,86.0,2.5
2019-11-21,17763.708,1.1,77.0,4.2
2019-11-22,17209.375,4.8,71.0,4.4
2019-11-23,16453.875,5.15,73.0,3.3
2019-11-24,16562.75,2.25,86.0,2.5
2019-11-25,17876.292,0.9,91.0,1.2
2019-11-26,18045.167,-0.25,97.0,1.2
2019-11-27,18244.417,-1.0,80.0,3.8
2019-11-28,18729.042,-1.05,82.0,1.9
2019-11-29,19178.875,-0.1499999999999999,74.0,6.7
2019-11-30,18785.208,0.35,81.0,7.6
2019-12-01,18870.042,0.75,83.0,7.8
2019-12-02,20119.125,0.3999999999999999,86.0,6.6
2019-12-03,19189.542,2.0,91.0,4.8
2019-12-04,18227.875,4.7,89.0,2.9
2019-12-05,17886.792,2.8,88.33333333333333,3.4333333333333336
2019-12-06,17843.875,2.6,87.66666666666667,3.966666666666667
2019-12-07,17471.125,2.4,87.0,4.5
2019-12-08,17673.042,0.85,78.0,3.9
2019-12-09,18827.875,-1.15,90.0,3.5
2019-12-10,19915.75,-1.2,76.0,7.1
2019-12-11,18209.25,3.5,55.0,7.6
2019-12-12,18211.833,5.5,52.0,4.8
2019-12-13,18387.708,4.4,56.0,4.7
2019-12-14,17573.125,4.15,59.0,6.2
2019-12-15,17322.458,3.25,69.0,3.6
2019-12-16,18918.083,0.25,82.0,2.3
2019-12-17,19210.125,-1.95,92.0,2.5
2019-12-18,19569.458,-3.3,86.0,3.0
2019-12-19,19682.042,-0.9,81.0,2.9
2019-12-20,18356.5,1.55,75.0,2.8
2019-12-21,16966.375,5.4,69.0,4.4
2019-12-22,16975.042,2.9,94.0,1.7
2019-12-23,17890.625,-0.05,98.0,1.7
2019-12-24,17485.875,-4.25,93.0,2.1
2019-12-25,17338.25,-6.0,86.0,3.8
2019-12-26,18138.792,-2.9,96.0,2.2
2019-12-27,19196.5,-3.35,80.0,3.4
2019-12-28,18370.625,-0.8499999999999999,67.0,3.3
2019-12-29,16375.125,4.65,83.0,4.0
2019-12-30,16456.292,6.4,81.0,10.2
2019-12-31,17155.458,4.2,81.0,9.6
